;Country;Year;Emission_factor;Uncertainty_Value;Emission_factor_market
0;World;2018;0,000575;0,1;0,000505
1;Americas;2018;0,000429;0,1;0,000359
2;OECD Americas (US, Canada, Mexico, Chile);2018;0,00046;0,1;0,00039
3;Non-OECD Americas;2018;0,000267;0,1;0,000197
4;Africa;2018;0,00073;0,1;0,00066
5;Asia;2018;0,0007;0,1;0,00063
6;ASEAN;2018;0,0007;0,1;0,00063
7;Europe;2018;0,000371;0,1;0,000301
8;EU - 28;2018;0,000294;0,1;0,000224
9;Europe excluding EU - 28;2018;0,00049;0,1;0,00042
10;Middle East;2018;0,000736;0,1;0,000666
11;Oceania;2018;0,000618;0,1;0,000548
12;Albania;2018;0,000019;0,1;-0,000051
13;Algeria;2018;0,000668;0,1;0,000598
14;Angola;2018;0,000617;0,1;0,000547
15;Argentina;2018;0,000444;0,1;0,000374
16;Armenia;2018;0,000256;0,1;0,000186
17;Australia;2018;0,00081;0,1;0,00074
18;Austria;2018;0,000208;0,1;0,000138
19;Azerbaijan;2018;0,000587;0,1;0,000517
20;Bahrain;2018;0,000795;0,1;0,000725
21;Bangladesh;2018;0,000636;0,1;0,000566
22;Belarus;2018;0,000499;0,1;0,000429
23;Belgium;2018;0,000277;0,1;0,000207
24;Benin;2018;0,001083;0,1;0,001013
25;Bolivia;2018;0,00051;0,1;0,00044
26;Bosnia and Herzegovina;2018;0,000824;0,1;0,000754
27;Botswana;2018;0,001676;0,1;0,001606
28;Brazil;2018;0,000167;0,1;0,000097
29;Brunei Darussalam;2018;0,000894;0,1;0,000824
30;Bulgaria;2018;0,000523;0,1;0,000453
31;Cambodia;2018;0,000489;0,1;0,000419
32;Cameroon;2018;0,00041;0,1;0,00034
33;Canada;2018;0,000172;0,1;0,000102
34;Chile;2018;0,000483;0,1;0,000413
35;People's Rep. of China;2018;0,000694;0,1;0,000624
36;Colombia;2018;0,000215;0,1;0,000145
37;Congo;2018;0,00061;0,1;0,00054
38;Democratic Republic of the Congo;2018;0,00002;0,1;-0,00005
39;Costa Rica;2018;0,000036;0,1;-0,000034
40;Côte d'Ivoire;2018;0,00046;0,1;0,00039
41;Croatia;2018;0,000203;0,1;0,000133
42;Cuba;2018;0,000661;0,1;0,000591
43;Curacao/Netherlands Antilles;2018;0,000702;0,1;0,000632
44;Cyprus;2018;0,000759;0,1;0,000689
45;Czech Republic;2018;0,000572;0,1;0,000502
46;Denmark;2018;0,000266;0,1;0,000196
47;Dominican Republic;2018;0,000717;0,1;0,000647
48;Ecuador;2018;0,000267;0,1;0,000197
49;Egypt;2018;0,000659;0,1;0,000589
50;El Salvador;2018;0,000265;0,1;0,000195
51;Eritrea;2018;0,000982;0,1;0,000912
52;Estonia;2018;0,000972;0,1;0,000902
53;Ethiopia;2018;0,000019;0,1;-0,000051
54;Finland;2018;0,000199;0,1;0,000129
55;France;2018;0,000057;0,1;-0,000013
56;Guadeloupe;2018;0,000906;0,1;0,000836
57;Saint Pierre et Miquelon;2018;0,000943;0,1;0,000873
58;La Réunion;2018;0,00078;0,1;0,00071
59;Nouvelle Calédonie;2018;0,00056;0,1;0,00049
60;Mayotte;2018;0,00078;0,1;0,00071
61;Martinique;2018;0,00084;0,1;0,00077
62;Guyane;2018;0,000957;0,1;0,000887
63;Macedonia;2018;0,000752;0,1;0,000682
64;Gabon;2018;0,000735;0,1;0,000665
65;Georgia;2018;0,00012;0,1;0,00005
66;Germany;2018;0,000484;0,1;0,000414
67;Ghana;2018;0,000331;0,1;0,000261
68;Gibraltar;2018;0,000858;0,1;0,000788
69;Greece;2018;0,000655;0,1;0,000585
70;Greenland;2018;0,00009;0,1;0,00002
71;Guatemala;2018;0,000497;0,1;0,000427
72;Haiti;2018;0,001401;0,1;0,001331
73;Honduras;2018;0,000482;0,1;0,000412
74;Hong Kong, China;2018;0,000832;0,1;0,000762
75;Hungary;2018;0,000332;0,1;0,000262
76;Iceland;2018;0,000027;0,1;-0,000043
77;India;2018;0,000941;0,1;0,000871
78;Indonesia;2018;0,000895;0,1;0,000825
79;Iran;2018;0,000668;0,1;0,000598
80;Iraq;2018;0,001698;0,1;0,001628
81;Ireland;2018;0,000424;0,1;0,000354
82;Israel;2018;0,000592;0,1;0,000522
83;Italy;2018;0,000404;0,1;0,000334
84;Jamaica;2018;0,000815;0,1;0,000745
85;Japan;2018;0,000597;0,1;0,000527
86;Jordan;2018;0,000573;0,1;0,000503
87;Kazakhstan;2018;0,000737;0,1;0,000667
88;Kenya;2018;0,000243;0,1;0,000173
89;Korea;2018;0,000611;0,1;0,000541
90;DPR of Korea;2018;0,000246;0,1;0,000176
91;Kosovo;2018;0,001257;0,1;0,001187
92;Kuwait;2018;0,000816;0,1;0,000746
93;Kyrgyzstan;2018;0,000079;0,1;0,000009
94;Latvia;2018;0,00024;0,1;0,00017
95;Lebanon;2018;0,000893;0,1;0,000823
96;Libya;2018;0,000867;0,1;0,000797
97;Lithuania;2018;0,000151;0,1;0,000081
98;Luxembourg;2018;0,000218;0,1;0,000148
99;Malaysia;2018;0,000773;0,1;0,000703
100;Malta;2018;0,000468;0,1;0,000398
101;Mauritius;2018;0,000936;0,1;0,000866
102;Mexico;2018;0,000597;0,1;0,000527
103;Republic of Moldova;2018;0,000624;0,1;0,000554
104;Mongolia;2018;0,001395;0,1;0,001325
105;Montenegro;2018;0,000471;0,1;0,000401
106;Morocco;2018;0,000789;0,1;0,000719
107;Mozambique;2018;0,000107;0,1;0,000037
108;Myanmar;2018;0,00045;0,1;0,00038
109;Namibia;2018;0,000046;0,1;-0,000024
110;Nepal;2018;0,000019;0,1;-0,000051
111;Netherlands;2018;0,000515;0,1;0,000445
112;Nicaragua;2018;0,000448;0,1;0,000378
113;Niger;2018;0,001156;0,1;0,001086
114;Nigeria;2018;0,000558;0,1;0,000488
115;Norway;2018;0,00003;0,1;-0,00004
116;New Zealand;2018;0,000154;0,1;0,000084
117;Oman;2018;0,000584;0,1;0,000514
118;Pakistan;2018;0,000522;0,1;0,000452
119;Panama;2018;0,000228;0,1;0,000158
120;Paraguay;2018;0,000019;0,1;-0,000051
121;Peru;2018;0,000271;0,1;0,000201
122;Philippines;2018;0,00083;0,1;0,00076
123;Poland;2018;0,000809;0,1;0,000739
124;Portugal;2018;0,000381;0,1;0,000311
125;Qatar;2018;0,000588;0,1;0,000518
126;Romania;2018;0,000413;0,1;0,000343
127;Russian Federation;2018;0,000452;0,1;0,000382
128;Saudi Arabia;2018;0,000657;0,1;0,000587
129;Senegal;2018;0,001001;0,1;0,000931
130;Serbia;2018;0,000837;0,1;0,000767
131;Singapore;2018;0,000489;0,1;0,000419
132;Slovak Republic;2018;0,00021;0,1;0,00014
133;Slovenia;2018;0,000298;0,1;0,000228
134;South Africa;2018;0,001026;0,1;0,000956
135;Spain;2018;0,000332;0,1;0,000262
136;Sri Lanka;2018;0,000626;0,1;0,000556
137;Sudan;2018;0,000457;0,1;0,000387
138;Sudan;2018;0,000457;0,1;0,000387
139;Suriname;2018;0,000585;0,1;0,000515
140;Sweden;2018;0,000055;0,1;-0,000015
141;Switzerland;2018;0,000059;0,1;-0,000011
142;Syrian Arab Republic;2018;0,000845;0,1;0,000775
143;Chinese Taipei;2018;0,000644;0,1;0,000574
144;Tajikistan;2018;0,000091;0,1;0,000021
145;United Rep. of Tanzania;2018;0,000444;0,1;0,000374
146;Thailand;2018;0,000607;0,1;0,000537
147;Togo;2018;0,000707;0,1;0,000637
148;Trinidad and Tobago;2018;0,000654;0,1;0,000584
149;Tunisia;2018;0,000592;0,1;0,000522
150;Turkey;2018;0,000573;0,1;0,000503
151;Turkmenistan;2018;0,001107;0,1;0,001037
152;United Arab Emirates;2018;0,000645;0,1;0,000575
153;United Kingdom;2018;0,000328;0,1;0,000258
154;Ukraine;2018;0,000462;0,1;0,000392
155;Uruguay;2018;0,00009;0,1;0,00002
156;United States;2018;0,000492;0,1;0,000422
157;Uzbekistan;2018;0,000589;0,1;0,000519
158;Venezuela;2018;0,000462;0,1;0,000392
159;Viet Nam;2018;0,000531;0,1;0,000461
160;Yemen;2018;0,000945;0,1;0,000875
161;Zambia;2018;0,000211;0,1;0,000141
162;Zimbabwe;2018;0,000846;0,1;0,000776
163;World;2019;0,000564;0,1;0,000494
164;Americas;2019;0,000408;0,1;0,000338
165;OECD Americas (US, Canada, Mexico, Chile);2019;0,000435;0,1;0,000365
166;Non-OECD Americas;2019;0,000264;0,1;0,000194
167;Africa;2019;0,000717;0,1;0,000647
168;Asia;2019;0,000687;0,1;0,000617
169;ASEAN;2019;0,000711;0,1;0,000641
170;Europe;2019;0,000345;0,1;0,000275
171;EU - 28;2019;0,000264;0,1;0,000194
172;Europe excluding EU - 28;2019;0,000454;0,1;0,000384
173;Middle East;2019;0,000735;0,1;0,000665
174;Oceania;2019;0,000585;0,1;0,000515
175;Albania;2019;0,000019;0,1;-0,000051
176;Algeria;2019;0,000657;0,1;0,000587
177;Angola;2019;0,000606;0,1;0,000536
178;Argentina;2019;0,000444;0,1;0,000374
179;Armenia;2019;0,000255;0,1;0,000185
180;Australia;2019;0,000766;0,1;0,000696
181;Austria;2019;0,000191;0,1;0,000121
182;Azerbaijan;2019;0,000584;0,1;0,000514
183;Bahrain;2019;0,000794;0,1;0,000724
184;Bangladesh;2019;0,00063;0,1;0,00056
185;Belarus;2019;0,000464;0,1;0,000394
186;Belgium;2019;0,000254;0,1;0,000184
187;Benin;2019;0,001064;0,1;0,000994
188;Bolivia;2019;0,000509;0,1;0,000439
189;Bosnia and Herzegovina;2019;0,000759;0,1;0,000689
190;Botswana;2019;0,001647;0,1;0,001577
191;Brazil;2019;0,000166;0,1;0,000096
192;Brunei Darussalam;2019;0,000907;0,1;0,000837
193;Bulgaria;2019;0,000475;0,1;0,000405
194;Cambodia;2019;0,000496;0,1;0,000426
195;Cameroon;2019;0,000403;0,1;0,000333
196;Canada;2019;0,000164;0,1;0,000094
197;Chile;2019;0,000482;0,1;0,000412
198;People's Rep. of China;2019;0,000686;0,1;0,000616
199;Colombia;2019;0,000215;0,1;0,000145
200;Congo;2019;0,0006;0,1;0,00053
201;Democratic Republic of the Congo;2019;0,00002;0,1;-0,00005
202;Costa Rica;2019;0,000036;0,1;-0,000034
203;Côte d'Ivoire;2019;0,000452;0,1;0,000382
204;Croatia;2019;0,000187;0,1;0,000117
205;Cuba;2019;0,000661;0,1;0,000591
206;Curacao/Netherlands Antilles;2019;0,000701;0,1;0,000631
207;Cyprus;2019;0,000688;0,1;0,000618
208;Czech Republic;2019;0,000519;0,1;0,000449
209;Denmark;2019;0,000246;0,1;0,000176
210;Dominican Republic;2019;0,000716;0,1;0,000646
211;Ecuador;2019;0,000267;0,1;0,000197
212;Egypt;2019;0,000647;0,1;0,000577
213;El Salvador;2019;0,000266;0,1;0,000196
214;Eritrea;2019;0,000966;0,1;0,000896
215;Estonia;2019;0,00088;0,1;0,00081
216;Ethiopia;2019;0,000019;0,1;-0,000051
217;Finland;2019;0,000186;0,1;0,000116
218;France;2019;0,000056;0,1;-0,000014
219;Guadeloupe;2019;0,000889;0,1;0,000819
220;Saint Pierre et Miquelon;2019;0,000925;0,1;0,000855
221;La Réunion;2019;0,000765;0,1;0,000695
222;Nouvelle Calédonie;2019;0,000549;0,1;0,000479
223;Mayotte;2019;0,000764;0,1;0,000694
224;Martinique;2019;0,000824;0,1;0,000754
225;Guyane;2019;0,000945;0,1;0,000875
226;Macedonia;2019;0,000696;0,1;0,000626
227;Gabon;2019;0,000722;0,1;0,000652
228;Georgia;2019;0,00012;0,1;0,00005
229;Germany;2019;0,00044;0,1;0,00037
230;Ghana;2019;0,000326;0,1;0,000256
231;Gibraltar;2019;0,000792;0,1;0,000722
232;Greece;2019;0,000596;0,1;0,000526
233;Greenland;2019;0,000089;0,1;0,000019
234;Guatemala;2019;0,000497;0,1;0,000427
235;Haiti;2019;0,001405;0,1;0,001335
236;Honduras;2019;0,000483;0,1;0,000413
237;Hong Kong, China;2019;0,000822;0,1;0,000752
238;Hungary;2019;0,000304;0,1;0,000234
239;Iceland;2019;0,000026;0,1;-0,000044
240;India;2019;0,000915;0,1;0,000845
241;Indonesia;2019;0,000909;0,1;0,000839
242;Iran;2019;0,000667;0,1;0,000597
243;Iraq;2019;0,001695;0,1;0,001625
244;Ireland;2019;0,000388;0,1;0,000318
245;Israel;2019;0,000548;0,1;0,000478
246;Italy;2019;0,000371;0,1;0,000301
247;Jamaica;2019;0,000815;0,1;0,000745
248;Japan;2019;0,000574;0,1;0,000504
249;Jordan;2019;0,000572;0,1;0,000502
250;Kazakhstan;2019;0,000731;0,1;0,000661
251;Kenya;2019;0,000239;0,1;0,000169
252;Korea;2019;0,000603;0,1;0,000533
253;DPR of Korea;2019;0,000243;0,1;0,000173
254;Kosovo;2019;0,001165;0,1;0,001095
255;Kuwait;2019;0,000815;0,1;0,000745
256;Kyrgyzstan;2019;0,000079;0,1;0,000009
257;Latvia;2019;0,000223;0,1;0,000153
258;Lebanon;2019;0,000892;0,1;0,000822
259;Libya;2019;0,000853;0,1;0,000783
260;Lithuania;2019;0,000143;0,1;0,000073
261;Luxembourg;2019;0,000201;0,1;0,000131
262;Malaysia;2019;0,000784;0,1;0,000714
263;Malta;2019;0,000428;0,1;0,000358
264;Mauritius;2019;0,00092;0,1;0,00085
265;Mexico;2019;0,000571;0,1;0,000501
266;Republic of Moldova;2019;0,000579;0,1;0,000509
267;Mongolia;2019;0,001377;0,1;0,001307
268;Montenegro;2019;0,000436;0,1;0,000366
269;Morocco;2019;0,000776;0,1;0,000706
270;Mozambique;2019;0,000106;0,1;0,000036
271;Myanmar;2019;0,000457;0,1;0,000387
272;Namibia;2019;0,000045;0,1;-0,000025
273;Nepal;2019;0,000019;0,1;-0,000051
274;Netherlands;2019;0,000469;0,1;0,000399
275;Nicaragua;2019;0,000448;0,1;0,000378
276;Niger;2019;0,001136;0,1;0,001066
277;Nigeria;2019;0,000549;0,1;0,000479
278;Norway;2019;0,000029;0,1;-0,000041
279;New Zealand;2019;0,000152;0,1;0,000082
280;Oman;2019;0,000583;0,1;0,000513
281;Pakistan;2019;0,000516;0,1;0,000446
282;Panama;2019;0,000227;0,1;0,000157
283;Paraguay;2019;0,000019;0,1;-0,000051
284;Peru;2019;0,000271;0,1;0,000201
285;Philippines;2019;0,000842;0,1;0,000772
286;Poland;2019;0,000732;0,1;0,000662
287;Portugal;2019;0,000348;0,1;0,000278
288;Qatar;2019;0,000587;0,1;0,000517
289;Romania;2019;0,000377;0,1;0,000307
290;Russian Federation;2019;0,000449;0,1;0,000379
291;Saudi Arabia;2019;0,000656;0,1;0,000586
292;Senegal;2019;0,000984;0,1;0,000914
293;Serbia;2019;0,000772;0,1;0,000702
294;Singapore;2019;0,000496;0,1;0,000426
295;Slovak Republic;2019;0,000193;0,1;0,000123
296;Slovenia;2019;0,000271;0,1;0,000201
297;South Africa;2019;0,001022;0,1;0,000952
298;Spain;2019;0,000304;0,1;0,000234
299;Sri Lanka;2019;0,000618;0,1;0,000548
300;Sudan;2019;0,00045;0,1;0,00038
301;Sudan;2019;0,00045;0,1;0,00038
302;Suriname;2019;0,000584;0,1;0,000514
303;Sweden;2019;0,000053;0,1;-0,000017
304;Switzerland;2019;0,000056;0,1;-0,000014
305;Syrian Arab Republic;2019;0,000844;0,1;0,000774
306;Chinese Taipei;2019;0,000636;0,1;0,000566
307;Tajikistan;2019;0,000091;0,1;0,000021
308;United Rep. of Tanzania;2019;0,000436;0,1;0,000366
309;Thailand;2019;0,000616;0,1;0,000546
310;Togo;2019;0,000695;0,1;0,000625
311;Trinidad and Tobago;2019;0,000653;0,1;0,000583
312;Tunisia;2019;0,000582;0,1;0,000512
313;Turkey;2019;0,000531;0,1;0,000461
314;Turkmenistan;2019;0,001099;0,1;0,001029
315;United Arab Emirates;2019;0,000644;0,1;0,000574
316;United Kingdom;2019;0,000306;0,1;0,000236
317;Ukraine;2019;0,000427;0,1;0,000357
318;Uruguay;2019;0,000091;0,1;0,000021
319;United States;2019;0,000466;0,1;0,000396
320;Uzbekistan;2019;0,000585;0,1;0,000515
321;Venezuela;2019;0,000463;0,1;0,000393
322;Viet Nam;2019;0,000539;0,1;0,000469
323;Yemen;2019;0,000944;0,1;0,000874
324;Zambia;2019;0,000207;0,1;0,000137
325;Zimbabwe;2019;0,000832;0,1;0,000762
326;World;2020;0,000551;0,1;0,000481
327;Americas;2020;0,000394;0,1;0,000324
328;OECD Americas (US, Canada, Mexico, Chile);2020;0,000417;0,1;0,000347
329;Non-OECD Americas;2020;0,00026;0,1;0,00019
330;Africa;2020;0,000699;0,1;0,000629
331;Asia;2020;0,000671;0,1;0,000601
332;ASEAN;2020;0,000705;0,1;0,000635
333;Europe;2020;0,000326;0,1;0,000256
334;EU - 28;2020;0,000248;0,1;0,000178
335;Europe excluding EU - 28;2020;0,00043;0,1;0,00036
336;Middle East;2020;0,000721;0,1;0,000651
337;Oceania;2020;0,00056;0,1;0,00049
338;Albania;2020;0,000018;0,1;-0,000052
339;Algeria;2020;0,00064;0,1;0,00057
340;Angola;2020;0,000591;0,1;0,000521
341;Argentina;2020;0,000427;0,1;0,000357
342;Armenia;2020;0,000251;0,1;0,000181
343;Australia;2020;0,000732;0,1;0,000662
344;Austria;2020;0,000182;0,1;0,000112
345;Azerbaijan;2020;0,000576;0,1;0,000506
346;Bahrain;2020;0,000777;0,1;0,000707
347;Bangladesh;2020;0,000619;0,1;0,000549
348;Belarus;2020;0,00044;0,1;0,00037
349;Belgium;2020;0,000241;0,1;0,000171
350;Benin;2020;0,001038;0,1;0,000968
351;Bolivia;2020;0,000489;0,1;0,000419
352;Bosnia and Herzegovina;2020;0,000715;0,1;0,000645
353;Botswana;2020;0,001605;0,1;0,001535
354;Brazil;2020;0,000161;0,1;0,000091
355;Brunei Darussalam;2020;0,0009;0,1;0,00083
356;Bulgaria;2020;0,000447;0,1;0,000377
357;Cambodia;2020;0,000492;0,1;0,000422
358;Cameroon;2020;0,000393;0,1;0,000323
359;Canada;2020;0,000159;0,1;0,000089
360;Chile;2020;0,000461;0,1;0,000391
361;People's Rep. of China;2020;0,000674;0,1;0,000604
362;Colombia;2020;0,000207;0,1;0,000137
363;Congo;2020;0,000586;0,1;0,000516
364;Democratic Republic of the Congo;2020;0,00002;0,1;-0,00005
365;Costa Rica;2020;0,000036;0,1;-0,000034
366;Côte d'Ivoire;2020;0,000441;0,1;0,000371
367;Croatia;2020;0,000178;0,1;0,000108
368;Cuba;2020;0,000635;0,1;0,000565
369;Curacao/Netherlands Antilles;2020;0,000671;0,1;0,000601
370;Cyprus;2020;0,000648;0,1;0,000578
371;Czech Republic;2020;0,000488;0,1;0,000418
372;Denmark;2020;0,000235;0,1;0,000165
373;Dominican Republic;2020;0,000686;0,1;0,000616
374;Ecuador;2020;0,000256;0,1;0,000186
375;Egypt;2020;0,000632;0,1;0,000562
376;El Salvador;2020;0,000257;0,1;0,000187
377;Eritrea;2020;0,000941;0,1;0,000871
378;Estonia;2020;0,000827;0,1;0,000757
379;Ethiopia;2020;0,000019;0,1;-0,000051
380;Finland;2020;0,000178;0,1;0,000108
381;France;2020;0,000056;0,1;-0,000014
382;Guadeloupe;2020;0,000869;0,1;0,000799
383;Saint Pierre et Miquelon;2020;0,000904;0,1;0,000834
384;La Réunion;2020;0,000747;0,1;0,000677
385;Nouvelle Calédonie;2020;0,000537;0,1;0,000467
386;Mayotte;2020;0,000747;0,1;0,000677
387;Martinique;2020;0,000805;0,1;0,000735
388;Guyane;2020;0,000931;0,1;0,000861
389;Macedonia;2020;0,000658;0,1;0,000588
390;Gabon;2020;0,000704;0,1;0,000634
391;Georgia;2020;0,000118;0,1;0,000048
392;Germany;2020;0,000415;0,1;0,000345
393;Ghana;2020;0,000318;0,1;0,000248
394;Gibraltar;2020;0,000747;0,1;0,000677
395;Greece;2020;0,000562;0,1;0,000492
396;Greenland;2020;0,000088;0,1;0,000018
397;Guatemala;2020;0,000477;0,1;0,000407
398;Haiti;2020;0,001358;0,1;0,001288
399;Honduras;2020;0,000466;0,1;0,000396
400;Hong Kong, China;2020;0,000807;0,1;0,000737
401;Hungary;2020;0,000288;0,1;0,000218
402;Iceland;2020;0,000026;0,1;-0,000044
403;India;2020;0,000894;0,1;0,000824
404;Indonesia;2020;0,000902;0,1;0,000832
405;Iran;2020;0,000654;0,1;0,000584
406;Iraq;2020;0,001664;0,1;0,001594
407;Ireland;2020;0,000366;0,1;0,000296
408;Israel;2020;0,000518;0,1;0,000448
409;Italy;2020;0,000351;0,1;0,000281
410;Jamaica;2020;0,000784;0,1;0,000714
411;Japan;2020;0,00056;0,1;0,00049
412;Jordan;2020;0,000561;0,1;0,000491
413;Kazakhstan;2020;0,000721;0,1;0,000651
414;Kenya;2020;0,000233;0,1;0,000163
415;Korea;2020;0,000592;0,1;0,000522
416;DPR of Korea;2020;0,000239;0,1;0,000169
417;Kosovo;2020;0,001102;0,1;0,001032
418;Kuwait;2020;0,000799;0,1;0,000729
419;Kyrgyzstan;2020;0,000078;0,1;0,000008
420;Latvia;2020;0,000213;0,1;0,000143
421;Lebanon;2020;0,000874;0,1;0,000804
422;Libya;2020;0,000832;0,1;0,000762
423;Lithuania;2020;0,000138;0,1;0,000068
424;Luxembourg;2020;0,000191;0,1;0,000121
425;Malaysia;2020;0,000778;0,1;0,000708
426;Malta;2020;0,000405;0,1;0,000335
427;Mauritius;2020;0,000897;0,1;0,000827
428;Mexico;2020;0,000551;0,1;0,000481
429;Republic of Moldova;2020;0,000549;0,1;0,000479
430;Mongolia;2020;0,001352;0,1;0,001282
431;Montenegro;2020;0,000412;0,1;0,000342
432;Morocco;2020;0,000756;0,1;0,000686
433;Mozambique;2020;0,000103;0,1;0,000033
434;Myanmar;2020;0,000453;0,1;0,000383
435;Namibia;2020;0,000044;0,1;-0,000026
436;Nepal;2020;0,000019;0,1;-0,000051
437;Netherlands;2020;0,000443;0,1;0,000373
438;Nicaragua;2020;0,000432;0,1;0,000362
439;Niger;2020;0,001108;0,1;0,001038
440;Nigeria;2020;0,000535;0,1;0,000465
441;Norway;2020;0,000028;0,1;-0,000042
442;New Zealand;2020;0,000149;0,1;0,000079
443;Oman;2020;0,000571;0,1;0,000501
444;Pakistan;2020;0,000507;0,1;0,000437
445;Panama;2020;0,000218;0,1;0,000148
446;Paraguay;2020;0,000019;0,1;-0,000051
447;Peru;2020;0,00026;0,1;0,00019
448;Philippines;2020;0,000835;0,1;0,000765
449;Poland;2020;0,000688;0,1;0,000618
450;Portugal;2020;0,000329;0,1;0,000259
451;Qatar;2020;0,000576;0,1;0,000506
452;Romania;2020;0,000356;0,1;0,000286
453;Russian Federation;2020;0,000443;0,1;0,000373
454;Saudi Arabia;2020;0,000643;0,1;0,000573
455;Senegal;2020;0,000959;0,1;0,000889
456;Serbia;2020;0,000728;0,1;0,000658
457;Singapore;2020;0,000492;0,1;0,000422
458;Slovak Republic;2020;0,000183;0,1;0,000113
459;Slovenia;2020;0,000255;0,1;0,000185
460;South Africa;2020;0,001008;0,1;0,000938
461;Spain;2020;0,000287;0,1;0,000217
462;Sri Lanka;2020;0,000607;0,1;0,000537
463;Sudan;2020;0,000439;0,1;0,000369
464;Sudan;2020;0,000439;0,1;0,000369
465;Suriname;2020;0,000559;0,1;0,000489
466;Sweden;2020;0,000051;0,1;-0,000019
467;Switzerland;2020;0,000054;0,1;-0,000016
468;Syrian Arab Republic;2020;0,000827;0,1;0,000757
469;Chinese Taipei;2020;0,000624;0,1;0,000554
470;Tajikistan;2020;0,00009;0,1;0,00002
471;United Rep. of Tanzania;2020;0,000426;0,1;0,000356
472;Thailand;2020;0,000611;0,1;0,000541
473;Togo;2020;0,000677;0,1;0,000607
474;Trinidad and Tobago;2020;0,000625;0,1;0,000555
475;Tunisia;2020;0,000568;0,1;0,000498
476;Turkey;2020;0,000502;0,1;0,000432
477;Turkmenistan;2020;0,001084;0,1;0,001014
478;United Arab Emirates;2020;0,000631;0,1;0,000561
479;United Kingdom;2020;0,000291;0,1;0,000221
480;Ukraine;2020;0,000404;0,1;0,000334
481;Uruguay;2020;0,000089;0,1;0,000019
482;United States;2020;0,000449;0,1;0,000379
483;Uzbekistan;2020;0,000577;0,1;0,000507
484;Venezuela;2020;0,000446;0,1;0,000376
485;Viet Nam;2020;0,000535;0,1;0,000465
486;Yemen;2020;0,000926;0,1;0,000856
487;Zambia;2020;0,000202;0,1;0,000132
488;Zimbabwe;2020;0,000811;0,1;0,000741
489;World;2021;0,000539;0,1;0,000469
490;Americas;2021;0,00038;0,1;0,00031
491;OECD Americas (US, Canada, Mexico, Chile);2021;0,0004;0,1;0,00033
492;Non-OECD Americas;2021;0,000255;0,1;0,000185
493;Africa;2021;0,000682;0,1;0,000612
494;Asia;2021;0,000656;0,1;0,000586
495;ASEAN;2021;0,000699;0,1;0,000629
496;Europe;2021;0,000309;0,1;0,000239
497;EU - 28;2021;0,000232;0,1;0,000162
498;Europe excluding EU - 28;2021;0,000407;0,1;0,000337
499;Middle East;2021;0,000707;0,1;0,000637
500;Oceania;2021;0,000536;0,1;0,000466
501;Albania;2021;0,000018;0,1;-0,000052
502;Algeria;2021;0,000625;0,1;0,000555
503;Angola;2021;0,000576;0,1;0,000506
504;Argentina;2021;0,00041;0,1;0,00034
505;Armenia;2021;0,000248;0,1;0,000178
506;Australia;2021;0,0007;0,1;0,00063
507;Austria;2021;0,000173;0,1;0,000103
508;Azerbaijan;2021;0,000568;0,1;0,000498
509;Bahrain;2021;0,000761;0,1;0,000691
510;Bangladesh;2021;0,000608;0,1;0,000538
511;Belarus;2021;0,000418;0,1;0,000348
512;Belgium;2021;0,000229;0,1;0,000159
513;Benin;2021;0,001012;0,1;0,000942
514;Bolivia;2021;0,000469;0,1;0,000399
515;Bosnia and Herzegovina;2021;0,000673;0,1;0,000603
516;Botswana;2021;0,001564;0,1;0,001494
517;Brazil;2021;0,000156;0,1;0,000086
518;Brunei Darussalam;2021;0,000893;0,1;0,000823
519;Bulgaria;2021;0,000421;0,1;0,000351
520;Cambodia;2021;0,000488;0,1;0,000418
521;Cameroon;2021;0,000383;0,1;0,000313
522;Canada;2021;0,000153;0,1;0,000083
523;Chile;2021;0,000441;0,1;0,000371
524;People's Rep. of China;2021;0,000662;0,1;0,000592
525;Colombia;2021;0,000198;0,1;0,000128
526;Congo;2021;0,000572;0,1;0,000502
527;Democratic Republic of the Congo;2021;0,000019;0,1;-0,000051
528;Costa Rica;2021;0,000035;0,1;-0,000035
529;Côte d'Ivoire;2021;0,000431;0,1;0,000361
530;Croatia;2021;0,000169;0,1;0,000099
531;Cuba;2021;0,00061;0,1;0,00054
532;Curacao/Netherlands Antilles;2021;0,000643;0,1;0,000573
533;Cyprus;2021;0,00061;0,1;0,00054
534;Czech Republic;2021;0,000459;0,1;0,000389
535;Denmark;2021;0,000224;0,1;0,000154
536;Dominican Republic;2021;0,000658;0,1;0,000588
537;Ecuador;2021;0,000246;0,1;0,000176
538;Egypt;2021;0,000616;0,1;0,000546
539;El Salvador;2021;0,000248;0,1;0,000178
540;Eritrea;2021;0,000917;0,1;0,000847
541;Estonia;2021;0,000778;0,1;0,000708
542;Ethiopia;2021;0,000018;0,1;-0,000052
543;Finland;2021;0,00017;0,1;0,0001
544;France;2021;0,000055;0,1;-0,000015
545;Guadeloupe;2021;0,000849;0,1;0,000779
546;Saint Pierre et Miquelon;2021;0,000884;0,1;0,000814
547;La Réunion;2021;0,00073;0,1;0,00066
548;Nouvelle Calédonie;2021;0,000525;0,1;0,000455
549;Mayotte;2021;0,00073;0,1;0,00066
550;Martinique;2021;0,000788;0,1;0,000718
551;Guyane;2021;0,000918;0,1;0,000848
552;Macedonia;2021;0,000622;0,1;0,000552
553;Gabon;2021;0,000686;0,1;0,000616
554;Georgia;2021;0,000117;0,1;0,000047
555;Germany;2021;0,000392;0,1;0,000322
556;Ghana;2021;0,00031;0,1;0,00024
557;Gibraltar;2021;0,000705;0,1;0,000635
558;Greece;2021;0,000529;0,1;0,000459
559;Greenland;2021;0,000086;0,1;0,000016
560;Guatemala;2021;0,000458;0,1;0,000388
561;Haiti;2021;0,001314;0,1;0,001244
562;Honduras;2021;0,000449;0,1;0,000379
563;Hong Kong, China;2021;0,000793;0,1;0,000723
564;Hungary;2021;0,000272;0,1;0,000202
565;Iceland;2021;0,000026;0,1;-0,000044
566;India;2021;0,000875;0,1;0,000805
567;Indonesia;2021;0,000894;0,1;0,000824
568;Iran;2021;0,000641;0,1;0,000571
569;Iraq;2021;0,001633;0,1;0,001563
570;Ireland;2021;0,000346;0,1;0,000276
571;Israel;2021;0,000489;0,1;0,000419
572;Italy;2021;0,000332;0,1;0,000262
573;Jamaica;2021;0,000754;0,1;0,000684
574;Japan;2021;0,000546;0,1;0,000476
575;Jordan;2021;0,00055;0,1;0,00048
576;Kazakhstan;2021;0,000711;0,1;0,000641
577;Kenya;2021;0,000228;0,1;0,000158
578;Korea;2021;0,000581;0,1;0,000511
579;DPR of Korea;2021;0,000235;0,1;0,000165
580;Kosovo;2021;0,001042;0,1;0,000972
581;Kuwait;2021;0,000783;0,1;0,000713
582;Kyrgyzstan;2021;0,000077;0,1;7E-06
583;Latvia;2021;0,000204;0,1;0,000134
584;Lebanon;2021;0,000856;0,1;0,000786
585;Libya;2021;0,000811;0,1;0,000741
586;Lithuania;2021;0,000133;0,1;0,000063
587;Luxembourg;2021;0,000181;0,1;0,000111
588;Malaysia;2021;0,000772;0,1;0,000702
589;Malta;2021;0,000383;0,1;0,000313
590;Mauritius;2021;0,000874;0,1;0,000804
591;Mexico;2021;0,000532;0,1;0,000462
592;Republic of Moldova;2021;0,00052;0,1;0,00045
593;Mongolia;2021;0,001328;0,1;0,001258
594;Montenegro;2021;0,000389;0,1;0,000319
595;Morocco;2021;0,000737;0,1;0,000667
596;Mozambique;2021;0,000101;0,1;0,000031
597;Myanmar;2021;0,00045;0,1;0,00038
598;Namibia;2021;0,000043;0,1;-0,000027
599;Nepal;2021;0,000019;0,1;-0,000051
600;Netherlands;2021;0,000418;0,1;0,000348
601;Nicaragua;2021;0,000417;0,1;0,000347
602;Niger;2021;0,00108;0,1;0,00101
603;Nigeria;2021;0,000522;0,1;0,000452
604;Norway;2021;0,000027;0,1;-0,000043
605;New Zealand;2021;0,000147;0,1;0,000077
606;Oman;2021;0,00056;0,1;0,00049
607;Pakistan;2021;0,000499;0,1;0,000429
608;Panama;2021;0,000209;0,1;0,000139
609;Paraguay;2021;0,000019;0,1;-0,000051
610;Peru;2021;0,00025;0,1;0,00018
611;Philippines;2021;0,000829;0,1;0,000759
612;Poland;2021;0,000647;0,1;0,000577
613;Portugal;2021;0,000311;0,1;0,000241
614;Qatar;2021;0,000564;0,1;0,000494
615;Romania;2021;0,000336;0,1;0,000266
616;Russian Federation;2021;0,000438;0,1;0,000368
617;Saudi Arabia;2021;0,00063;0,1;0,00056
618;Senegal;2021;0,000935;0,1;0,000865
619;Serbia;2021;0,000686;0,1;0,000616
620;Singapore;2021;0,000488;0,1;0,000418
621;Slovak Republic;2021;0,000173;0,1;0,000103
622;Slovenia;2021;0,00024;0,1;0,00017
623;South Africa;2021;0,000994;0,1;0,000924
624;Spain;2021;0,000271;0,1;0,000201
625;Sri Lanka;2021;0,000597;0,1;0,000527
626;Sudan;2021;0,000428;0,1;0,000358
627;Sudan;2021;0,000428;0,1;0,000358
628;Suriname;2021;0,000535;0,1;0,000465
629;Sweden;2021;0,00005;0,1;-0,00002
630;Switzerland;2021;0,000052;0,1;-0,000018
631;Syrian Arab Republic;2021;0,00081;0,1;0,00074
632;Chinese Taipei;2021;0,000613;0,1;0,000543
633;Tajikistan;2021;0,000089;0,1;0,000019
634;United Rep. of Tanzania;2021;0,000415;0,1;0,000345
635;Thailand;2021;0,000606;0,1;0,000536
636;Togo;2021;0,000661;0,1;0,000591
637;Trinidad and Tobago;2021;0,000598;0,1;0,000528
638;Tunisia;2021;0,000554;0,1;0,000484
639;Turkey;2021;0,000475;0,1;0,000405
640;Turkmenistan;2021;0,00107;0,1;0,001
641;United Arab Emirates;2021;0,000619;0,1;0,000549
642;United Kingdom;2021;0,000277;0,1;0,000207
643;Ukraine;2021;0,000382;0,1;0,000312
644;Uruguay;2021;0,000088;0,1;0,000018
645;United States;2021;0,000433;0,1;0,000363
646;Uzbekistan;2021;0,000569;0,1;0,000499
647;Venezuela;2021;0,000429;0,1;0,000359
648;Viet Nam;2021;0,00053;0,1;0,00046
649;Yemen;2021;0,000908;0,1;0,000838
650;Zambia;2021;0,000197;0,1;0,000127
651;Zimbabwe;2021;0,000791;0,1;0,000721
652;World;2022;0,000528;0,1;0,000458
653;Americas;2022;0,000366;0,1;0,000296
654;OECD Americas (US, Canada, Mexico, Chile);2022;0,000383;0,1;0,000313
655;Non-OECD Americas;2022;0,000251;0,1;0,000181
656;Africa;2022;0,000665;0,1;0,000595
657;Asia;2022;0,000642;0,1;0,000572
658;ASEAN;2022;0,000693;0,1;0,000623
659;Europe;2022;0,000293;0,1;0,000223
660;EU - 28;2022;0,000217;0,1;0,000147
661;Europe excluding EU - 28;2022;0,000385;0,1;0,000315
662;Middle East;2022;0,000693;0,1;0,000623
663;Oceania;2022;0,000513;0,1;0,000443
664;Albania;2022;0,000018;0,1;-0,000052
665;Algeria;2022;0,000609;0,1;0,000539
666;Angola;2022;0,000561;0,1;0,000491
667;Argentina;2022;0,000395;0,1;0,000325
668;Armenia;2022;0,000245;0,1;0,000175
669;Australia;2022;0,00067;0,1;0,0006
670;Austria;2022;0,000164;0,1;0,000094
671;Azerbaijan;2022;0,000561;0,1;0,000491
672;Bahrain;2022;0,000746;0,1;0,000676
673;Bangladesh;2022;0,000598;0,1;0,000528
674;Belarus;2022;0,000396;0,1;0,000326
675;Belgium;2022;0,000217;0,1;0,000147
676;Benin;2022;0,000987;0,1;0,000917
677;Bolivia;2022;0,00045;0,1;0,00038
678;Bosnia and Herzegovina;2022;0,000634;0,1;0,000564
679;Botswana;2022;0,001524;0,1;0,001454
680;Brazil;2022;0,000151;0,1;0,000081
681;Brunei Darussalam;2022;0,000886;0,1;0,000816
682;Bulgaria;2022;0,000396;0,1;0,000326
683;Cambodia;2022;0,000484;0,1;0,000414
684;Cameroon;2022;0,000374;0,1;0,000304
685;Canada;2022;0,000148;0,1;0,000078
686;Chile;2022;0,000422;0,1;0,000352
687;People's Rep. of China;2022;0,00065;0,1;0,00058
688;Colombia;2022;0,000191;0,1;0,000121
689;Congo;2022;0,000558;0,1;0,000488
690;Democratic Republic of the Congo;2022;0,000019;0,1;-0,000051
691;Costa Rica;2022;0,000034;0,1;-0,000036
692;Côte d'Ivoire;2022;0,00042;0,1;0,00035
693;Croatia;2022;0,00016;0,1;0,00009
694;Cuba;2022;0,000587;0,1;0,000517
695;Curacao/Netherlands Antilles;2022;0,000616;0,1;0,000546
696;Cyprus;2022;0,000574;0,1;0,000504
697;Czech Republic;2022;0,000432;0,1;0,000362
698;Denmark;2022;0,000214;0,1;0,000144
699;Dominican Republic;2022;0,000632;0,1;0,000562
700;Ecuador;2022;0,000237;0,1;0,000167
701;Egypt;2022;0,000601;0,1;0,000531
702;El Salvador;2022;0,000239;0,1;0,000169
703;Eritrea;2022;0,000894;0,1;0,000824
704;Estonia;2022;0,000731;0,1;0,000661
705;Ethiopia;2022;0,000018;0,1;-0,000052
706;Finland;2022;0,000163;0,1;0,000093
707;France;2022;0,000054;0,1;-0,000016
708;Guadeloupe;2022;0,00083;0,1;0,00076
709;Saint Pierre et Miquelon;2022;0,000865;0,1;0,000795
710;La Réunion;2022;0,000714;0,1;0,000644
711;Nouvelle Calédonie;2022;0,000513;0,1;0,000443
712;Mayotte;2022;0,000714;0,1;0,000644
713;Martinique;2022;0,00077;0,1;0,0007
714;Guyane;2022;0,000906;0,1;0,000836
715;Macedonia;2022;0,000588;0,1;0,000518
716;Gabon;2022;0,000669;0,1;0,000599
717;Georgia;2022;0,000116;0,1;0,000046
718;Germany;2022;0,000369;0,1;0,000299
719;Ghana;2022;0,000303;0,1;0,000233
720;Gibraltar;2022;0,000665;0,1;0,000595
721;Greece;2022;0,000499;0,1;0,000429
722;Greenland;2022;0,000085;0,1;0,000015
723;Guatemala;2022;0,00044;0,1;0,00037
724;Haiti;2022;0,001272;0,1;0,001202
725;Honduras;2022;0,000433;0,1;0,000363
726;Hong Kong, China;2022;0,000779;0,1;0,000709
727;Hungary;2022;0,000258;0,1;0,000188
728;Iceland;2022;0,000025;0,1;-0,000045
729;India;2022;0,000855;0,1;0,000785
730;Indonesia;2022;0,000887;0,1;0,000817
731;Iran;2022;0,000628;0,1;0,000558
732;Iraq;2022;0,001603;0,1;0,001533
733;Ireland;2022;0,000328;0,1;0,000258
734;Israel;2022;0,000463;0,1;0,000393
735;Italy;2022;0,000315;0,1;0,000245
736;Jamaica;2022;0,000726;0,1;0,000656
737;Japan;2022;0,000533;0,1;0,000463
738;Jordan;2022;0,000539;0,1;0,000469
739;Kazakhstan;2022;0,000701;0,1;0,000631
740;Kenya;2022;0,000222;0,1;0,000152
741;Korea;2022;0,000571;0,1;0,000501
742;DPR of Korea;2022;0,000231;0,1;0,000161
743;Kosovo;2022;0,000987;0,1;0,000917
744;Kuwait;2022;0,000767;0,1;0,000697
745;Kyrgyzstan;2022;0,000076;0,1;6E-06
746;Latvia;2022;0,000195;0,1;0,000125
747;Lebanon;2022;0,000839;0,1;0,000769
748;Libya;2022;0,000791;0,1;0,000721
749;Lithuania;2022;0,000128;0,1;0,000058
750;Luxembourg;2022;0,000172;0,1;0,000102
751;Malaysia;2022;0,000765;0,1;0,000695
752;Malta;2022;0,000363;0,1;0,000293
753;Mauritius;2022;0,000852;0,1;0,000782
754;Mexico;2022;0,000514;0,1;0,000444
755;Republic of Moldova;2022;0,000493;0,1;0,000423
756;Mongolia;2022;0,001304;0,1;0,001234
757;Montenegro;2022;0,000368;0,1;0,000298
758;Morocco;2022;0,000718;0,1;0,000648
759;Mozambique;2022;0,000098;0,1;0,000028
760;Myanmar;2022;0,000446;0,1;0,000376
761;Namibia;2022;0,000042;0,1;-0,000028
762;Nepal;2022;0,000019;0,1;-0,000051
763;Netherlands;2022;0,000395;0,1;0,000325
764;Nicaragua;2022;0,000403;0,1;0,000333
765;Niger;2022;0,001052;0,1;0,000982
766;Nigeria;2022;0,000509;0,1;0,000439
767;Norway;2022;0,000026;0,1;-0,000044
768;New Zealand;2022;0,000145;0,1;0,000075
769;Oman;2022;0,000549;0,1;0,000479
770;Pakistan;2022;0,000491;0,1;0,000421
771;Panama;2022;0,000201;0,1;0,000131
772;Paraguay;2022;0,000019;0,1;-0,000051
773;Peru;2022;0,00024;0,1;0,00017
774;Philippines;2022;0,000822;0,1;0,000752
775;Poland;2022;0,000608;0,1;0,000538
776;Portugal;2022;0,000295;0,1;0,000225
777;Qatar;2022;0,000553;0,1;0,000483
778;Romania;2022;0,000317;0,1;0,000247
779;Russian Federation;2022;0,000433;0,1;0,000363
780;Saudi Arabia;2022;0,000617;0,1;0,000547
781;Senegal;2022;0,000912;0,1;0,000842
782;Serbia;2022;0,000647;0,1;0,000577
783;Singapore;2022;0,000484;0,1;0,000414
784;Slovak Republic;2022;0,000164;0,1;0,000094
785;Slovenia;2022;0,000226;0,1;0,000156
786;South Africa;2022;0,00098;0,1;0,00091
787;Spain;2022;0,000257;0,1;0,000187
788;Sri Lanka;2022;0,000586;0,1;0,000516
789;Sudan;2022;0,000418;0,1;0,000348
790;Sudan;2022;0,000418;0,1;0,000348
791;Suriname;2022;0,000513;0,1;0,000443
792;Sweden;2022;0,000049;0,1;-0,000021
793;Switzerland;2022;0,00005;0,1;-0,00002
794;Syrian Arab Republic;2022;0,000794;0,1;0,000724
795;Chinese Taipei;2022;0,000602;0,1;0,000532
796;Tajikistan;2022;0,000088;0,1;0,000018
797;United Rep. of Tanzania;2022;0,000405;0,1;0,000335
798;Thailand;2022;0,000602;0,1;0,000532
799;Togo;2022;0,000644;0,1;0,000574
800;Trinidad and Tobago;2022;0,000573;0,1;0,000503
801;Tunisia;2022;0,00054;0,1;0,00047
802;Turkey;2022;0,00045;0,1;0,00038
803;Turkmenistan;2022;0,001055;0,1;0,000985
804;United Arab Emirates;2022;0,000606;0,1;0,000536
805;United Kingdom;2022;0,000264;0,1;0,000194
806;Ukraine;2022;0,000361;0,1;0,000291
807;Uruguay;2022;0,000086;0,1;0,000016
808;United States;2022;0,000418;0,1;0,000348
809;Uzbekistan;2022;0,000562;0,1;0,000492
810;Venezuela;2022;0,000414;0,1;0,000344
811;Viet Nam;2022;0,000526;0,1;0,000456
812;Yemen;2022;0,00089;0,1;0,00082
813;Zambia;2022;0,000192;0,1;0,000122
814;Zimbabwe;2022;0,000771;0,1;0,000701
815;World;2023;0,000516;0,1;0,000446
816;Americas;2023;0,000353;0,1;0,000283
817;OECD Americas (US, Canada, Mexico, Chile);2023;0,000368;0,1;0,000298
818;Non-OECD Americas;2023;0,000247;0,1;0,000177
819;Africa;2023;0,000648;0,1;0,000578
820;Asia;2023;0,000628;0,1;0,000558
821;ASEAN;2023;0,000688;0,1;0,000618
822;Europe;2023;0,000278;0,1;0,000208
823;EU - 28;2023;0,000203;0,1;0,000133
824;Europe excluding EU - 28;2023;0,000365;0,1;0,000295
825;Middle East;2023;0,000679;0,1;0,000609
826;Oceania;2023;0,000492;0,1;0,000422
827;Albania;2023;0,000017;0,1;-0,000053
828;Algeria;2023;0,000594;0,1;0,000524
829;Angola;2023;0,000547;0,1;0,000477
830;Argentina;2023;0,00038;0,1;0,00031
831;Armenia;2023;0,000242;0,1;0,000172
832;Australia;2023;0,000641;0,1;0,000571
833;Austria;2023;0,000156;0,1;0,000086
834;Azerbaijan;2023;0,000553;0,1;0,000483
835;Bahrain;2023;0,00073;0,1;0,00066
836;Bangladesh;2023;0,000588;0,1;0,000518
837;Belarus;2023;0,000376;0,1;0,000306
838;Belgium;2023;0,000207;0,1;0,000137
839;Benin;2023;0,000962;0,1;0,000892
840;Bolivia;2023;0,000432;0,1;0,000362
841;Bosnia and Herzegovina;2023;0,000598;0,1;0,000528
842;Botswana;2023;0,001485;0,1;0,001415
843;Brazil;2023;0,000146;0,1;0,000076
844;Brunei Darussalam;2023;0,000879;0,1;0,000809
845;Bulgaria;2023;0,000373;0,1;0,000303
846;Cambodia;2023;0,00048;0,1;0,00041
847;Cameroon;2023;0,000365;0,1;0,000295
848;Canada;2023;0,000143;0,1;0,000073
849;Chile;2023;0,000405;0,1;0,000335
850;People's Rep. of China;2023;0,000638;0,1;0,000568
851;Colombia;2023;0,000183;0,1;0,000113
852;Congo;2023;0,000545;0,1;0,000475
853;Democratic Republic of the Congo;2023;0,000019;0,1;-0,000051
854;Costa Rica;2023;0,000034;0,1;-0,000036
855;Côte d'Ivoire;2023;0,00041;0,1;0,00034
856;Croatia;2023;0,000152;0,1;0,000082
857;Cuba;2023;0,000565;0,1;0,000495
858;Curacao/Netherlands Antilles;2023;0,00059;0,1;0,00052
859;Cyprus;2023;0,000541;0,1;0,000471
860;Czech Republic;2023;0,000407;0,1;0,000337
861;Denmark;2023;0,000204;0,1;0,000134
862;Dominican Republic;2023;0,000606;0,1;0,000536
863;Ecuador;2023;0,000228;0,1;0,000158
864;Egypt;2023;0,000586;0,1;0,000516
865;El Salvador;2023;0,000231;0,1;0,000161
866;Eritrea;2023;0,000872;0,1;0,000802
867;Estonia;2023;0,000688;0,1;0,000618
868;Ethiopia;2023;0,000018;0,1;-0,000052
869;Finland;2023;0,000156;0,1;0,000086
870;France;2023;0,000053;0,1;-0,000017
871;Guadeloupe;2023;0,000812;0,1;0,000742
872;Saint Pierre et Miquelon;2023;0,000845;0,1;0,000775
873;La Réunion;2023;0,000697;0,1;0,000627
874;Nouvelle Calédonie;2023;0,000502;0,1;0,000432
875;Mayotte;2023;0,000698;0,1;0,000628
876;Martinique;2023;0,000753;0,1;0,000683
877;Guyane;2023;0,000893;0,1;0,000823
878;Macedonia;2023;0,000556;0,1;0,000486
879;Gabon;2023;0,000652;0,1;0,000582
880;Georgia;2023;0,000114;0,1;0,000044
881;Germany;2023;0,000349;0,1;0,000279
882;Ghana;2023;0,000296;0,1;0,000226
883;Gibraltar;2023;0,000628;0,1;0,000558
884;Greece;2023;0,000471;0,1;0,000401
885;Greenland;2023;0,000083;0,1;0,000013
886;Guatemala;2023;0,000423;0,1;0,000353
887;Haiti;2023;0,001231;0,1;0,001161
888;Honduras;2023;0,000418;0,1;0,000348
889;Hong Kong, China;2023;0,000764;0,1;0,000694
890;Hungary;2023;0,000245;0,1;0,000175
891;Iceland;2023;0,000025;0,1;-0,000045
892;India;2023;0,000837;0,1;0,000767
893;Indonesia;2023;0,00088;0,1;0,00081
894;Iran;2023;0,000615;0,1;0,000545
895;Iraq;2023;0,001574;0,1;0,001504
896;Ireland;2023;0,000311;0,1;0,000241
897;Israel;2023;0,000437;0,1;0,000367
898;Italy;2023;0,000298;0,1;0,000228
899;Jamaica;2023;0,000699;0,1;0,000629
900;Japan;2023;0,000519;0,1;0,000449
901;Jordan;2023;0,000528;0,1;0,000458
902;Kazakhstan;2023;0,000691;0,1;0,000621
903;Kenya;2023;0,000217;0,1;0,000147
904;Korea;2023;0,00056;0,1;0,00049
905;DPR of Korea;2023;0,000227;0,1;0,000157
906;Kosovo;2023;0,000934;0,1;0,000864
907;Kuwait;2023;0,000752;0,1;0,000682
908;Kyrgyzstan;2023;0,000075;0,1;0,000005
909;Latvia;2023;0,000187;0,1;0,000117
910;Lebanon;2023;0,000822;0,1;0,000752
911;Libya;2023;0,000772;0,1;0,000702
912;Lithuania;2023;0,000124;0,1;0,000054
913;Luxembourg;2023;0,000164;0,1;0,000094
914;Malaysia;2023;0,000759;0,1;0,000689
915;Malta;2023;0,000344;0,1;0,000274
916;Mauritius;2023;0,00083;0,1;0,00076
917;Mexico;2023;0,000497;0,1;0,000427
918;Republic of Moldova;2023;0,000468;0,1;0,000398
919;Mongolia;2023;0,001281;0,1;0,001211
920;Montenegro;2023;0,000348;0,1;0,000278
921;Morocco;2023;0,0007;0,1;0,00063
922;Mozambique;2023;0,000096;0,1;0,000026
923;Myanmar;2023;0,000443;0,1;0,000373
924;Namibia;2023;0,000041;0,1;-0,000029
925;Nepal;2023;0,000018;0,1;-0,000052
926;Netherlands;2023;0,000373;0,1;0,000303
927;Nicaragua;2023;0,000389;0,1;0,000319
928;Niger;2023;0,001026;0,1;0,000956
929;Nigeria;2023;0,000497;0,1;0,000427
930;Norway;2023;0,000026;0,1;-0,000044
931;New Zealand;2023;0,000143;0,1;0,000073
932;Oman;2023;0,000538;0,1;0,000468
933;Pakistan;2023;0,000483;0,1;0,000413
934;Panama;2023;0,000193;0,1;0,000123
935;Paraguay;2023;0,000019;0,1;-0,000051
936;Peru;2023;0,000231;0,1;0,000161
937;Philippines;2023;0,000815;0,1;0,000745
938;Poland;2023;0,000572;0,1;0,000502
939;Portugal;2023;0,000279;0,1;0,000209
940;Qatar;2023;0,000541;0,1;0,000471
941;Romania;2023;0,0003;0,1;0,00023
942;Russian Federation;2023;0,000428;0,1;0,000358
943;Saudi Arabia;2023;0,000605;0,1;0,000535
944;Senegal;2023;0,000889;0,1;0,000819
945;Serbia;2023;0,000611;0,1;0,000541
946;Singapore;2023;0,000481;0,1;0,000411
947;Slovak Republic;2023;0,000155;0,1;0,000085
948;Slovenia;2023;0,000213;0,1;0,000143
949;South Africa;2023;0,000967;0,1;0,000897
950;Spain;2023;0,000243;0,1;0,000173
951;Sri Lanka;2023;0,000576;0,1;0,000506
952;Sudan;2023;0,000408;0,1;0,000338
953;Sudan;2023;0,000408;0,1;0,000338
954;Suriname;2023;0,000492;0,1;0,000422
955;Sweden;2023;0,000047;0,1;-0,000023
956;Switzerland;2023;0,000048;0,1;-0,000022
957;Syrian Arab Republic;2023;0,000779;0,1;0,000709
958;Chinese Taipei;2023;0,000591;0,1;0,000521
959;Tajikistan;2023;0,000087;0,1;0,000017
960;United Rep. of Tanzania;2023;0,000395;0,1;0,000325
961;Thailand;2023;0,000597;0,1;0,000527
962;Togo;2023;0,000628;0,1;0,000558
963;Trinidad and Tobago;2023;0,000549;0,1;0,000479
964;Tunisia;2023;0,000527;0,1;0,000457
965;Turkey;2023;0,000426;0,1;0,000356
966;Turkmenistan;2023;0,001041;0,1;0,000971
967;United Arab Emirates;2023;0,000594;0,1;0,000524
968;United Kingdom;2023;0,000252;0,1;0,000182
969;Ukraine;2023;0,000342;0,1;0,000272
970;Uruguay;2023;0,000084;0,1;0,000014
971;United States;2023;0,000403;0,1;0,000333
972;Uzbekistan;2023;0,000554;0,1;0,000484
973;Venezuela;2023;0,000399;0,1;0,000329
974;Viet Nam;2023;0,000522;0,1;0,000452
975;Yemen;2023;0,000873;0,1;0,000803
976;Zambia;2023;0,000187;0,1;0,000117
977;Zimbabwe;2023;0,000751;0,1;0,000681