Country,Year,Emission_factor,Uncertainty_Value,Emission_factor_market
World,2018,0.000575,0.1,0.000505
Americas,2018,0.000429,0.1,0.00035900000000000005
"OECD Americas (US, Canada, Mexico, Chile)",2018,0.00046,0.1,0.00039000000000000005
Non-OECD Americas,2018,0.000267,0.1,0.000197
Africa,2018,0.00073,0.1,0.00066
Asia,2018,0.0007,0.1,0.00063
ASEAN,2018,0.0007,0.1,0.00063
Europe,2018,0.000371,0.1,0.00030100000000000005
EU - 28,2018,0.000294,0.1,0.000224
Europe excluding EU - 28,2018,0.00049,0.1,0.00042
Middle East,2018,0.000736,0.1,0.000666
Oceania,2018,0.000618,0.1,0.000548
Albania,2018,1.9e-05,0.1,-5.099999999999999e-05
Algeria,2018,0.000668,0.1,0.000598
Angola,2018,0.000617,0.1,0.0005470000000000001
Argentina,2018,0.000444,0.1,0.000374
Armenia,2018,0.000256,0.1,0.000186
Australia,2018,0.00081,0.1,0.00074
Austria,2018,0.000208,0.1,0.000138
Azerbaijan,2018,0.000587,0.1,0.000517
Bahrain,2018,0.000795,0.1,0.0007250000000000001
Bangladesh,2018,0.000636,0.1,0.000566
Belarus,2018,0.000499,0.1,0.000429
Belgium,2018,0.000277,0.1,0.00020700000000000002
Benin,2018,0.001083,0.1,0.001013
Bolivia,2018,0.00051,0.1,0.00044000000000000007
Bosnia and Herzegovina,2018,0.000824,0.1,0.000754
Botswana,2018,0.001676,0.1,0.001606
Brazil,2018,0.000167,0.1,9.7e-05
Brunei Darussalam,2018,0.000894,0.1,0.0008240000000000001
Bulgaria,2018,0.000523,0.1,0.00045300000000000006
Cambodia,2018,0.000489,0.1,0.000419
Cameroon,2018,0.00041,0.1,0.00034
Canada,2018,0.000172,0.1,0.00010200000000000001
Chile,2018,0.000483,0.1,0.00041299999999999996
People's Rep. of China,2018,0.000694,0.1,0.000624
Colombia,2018,0.000215,0.1,0.000145
Congo,2018,0.00061,0.1,0.00054
Democratic Republic of the Congo,2018,2e-05,0.1,-4.9999999999999996e-05
Costa Rica,2018,3.6e-05,0.1,-3.399999999999999e-05
Côte d'Ivoire,2018,0.00046,0.1,0.00039000000000000005
Croatia,2018,0.000203,0.1,0.000133
Cuba,2018,0.000661,0.1,0.000591
Curacao/Netherlands Antilles,2018,0.000702,0.1,0.0006320000000000001
Cyprus,2018,0.000759,0.1,0.000689
Czech Republic,2018,0.000572,0.1,0.0005020000000000001
Denmark,2018,0.000266,0.1,0.00019600000000000002
Dominican Republic,2018,0.000717,0.1,0.000647
Ecuador,2018,0.000267,0.1,0.000197
Egypt,2018,0.000659,0.1,0.000589
El Salvador,2018,0.000265,0.1,0.000195
Eritrea,2018,0.000982,0.1,0.000912
Estonia,2018,0.000972,0.1,0.000902
Ethiopia,2018,1.9e-05,0.1,-5.099999999999999e-05
Finland,2018,0.000199,0.1,0.00012900000000000002
France,2018,5.7e-05,0.1,-1.299999999999999e-05
Guadeloupe,2018,0.000906,0.1,0.000836
Saint Pierre et Miquelon,2018,0.000943,0.1,0.0008730000000000001
La Réunion,2018,0.00078,0.1,0.00071
Nouvelle Calédonie,2018,0.00056,0.1,0.00049
Mayotte,2018,0.00078,0.1,0.00071
Martinique,2018,0.00084,0.1,0.0007700000000000001
Guyane,2018,0.000957,0.1,0.000887
Macedonia,2018,0.000752,0.1,0.000682
Gabon,2018,0.000735,0.1,0.000665
Georgia,2018,0.00012,0.1,5.000000000000001e-05
Germany,2018,0.000484,0.1,0.000414
Ghana,2018,0.000331,0.1,0.00026100000000000006
Gibraltar,2018,0.000858,0.1,0.0007880000000000001
Greece,2018,0.000655,0.1,0.000585
Greenland,2018,9e-05,0.1,2.0000000000000012e-05
Guatemala,2018,0.000497,0.1,0.0004270000000000001
Haiti,2018,0.001401,0.1,0.001331
Honduras,2018,0.000482,0.1,0.00041200000000000004
"Hong Kong, China",2018,0.000832,0.1,0.000762
Hungary,2018,0.000332,0.1,0.00026199999999999997
Iceland,2018,2.7e-05,0.1,-4.2999999999999995e-05
India,2018,0.000941,0.1,0.000871
Indonesia,2018,0.000895,0.1,0.000825
Iran,2018,0.000668,0.1,0.000598
Iraq,2018,0.001698,0.1,0.001628
Ireland,2018,0.000424,0.1,0.00035400000000000004
Israel,2018,0.000592,0.1,0.000522
Italy,2018,0.000404,0.1,0.000334
Jamaica,2018,0.000815,0.1,0.000745
Japan,2018,0.000597,0.1,0.000527
Jordan,2018,0.000573,0.1,0.0005030000000000001
Kazakhstan,2018,0.000737,0.1,0.0006670000000000001
Kenya,2018,0.000243,0.1,0.000173
Korea,2018,0.000611,0.1,0.000541
DPR of Korea,2018,0.000246,0.1,0.00017600000000000002
Kosovo,2018,0.001257,0.1,0.0011870000000000001
Kuwait,2018,0.000816,0.1,0.000746
Kyrgyzstan,2018,7.9e-05,0.1,9.000000000000002e-06
Latvia,2018,0.00024,0.1,0.00017
Lebanon,2018,0.000893,0.1,0.0008230000000000001
Libya,2018,0.000867,0.1,0.0007970000000000001
Lithuania,2018,0.000151,0.1,8.100000000000002e-05
Luxembourg,2018,0.000218,0.1,0.00014800000000000002
Malaysia,2018,0.000773,0.1,0.0007030000000000001
Malta,2018,0.000468,0.1,0.000398
Mauritius,2018,0.000936,0.1,0.000866
Mexico,2018,0.000597,0.1,0.000527
Republic of Moldova,2018,0.000624,0.1,0.000554
Mongolia,2018,0.001395,0.1,0.001325
Montenegro,2018,0.000471,0.1,0.000401
Morocco,2018,0.000789,0.1,0.000719
Mozambique,2018,0.000107,0.1,3.7000000000000005e-05
Myanmar,2018,0.00045,0.1,0.00038
Namibia,2018,4.6e-05,0.1,-2.3999999999999994e-05
Nepal,2018,1.9e-05,0.1,-5.099999999999999e-05
Netherlands,2018,0.000515,0.1,0.0004450000000000001
Nicaragua,2018,0.000448,0.1,0.00037799999999999997
Niger,2018,0.001156,0.1,0.001086
Nigeria,2018,0.000558,0.1,0.00048800000000000004
Norway,2018,3e-05,0.1,-3.9999999999999996e-05
New Zealand,2018,0.000154,0.1,8.400000000000001e-05
Oman,2018,0.000584,0.1,0.000514
Pakistan,2018,0.000522,0.1,0.00045200000000000004
Panama,2018,0.000228,0.1,0.00015800000000000002
Paraguay,2018,1.9e-05,0.1,-5.099999999999999e-05
Peru,2018,0.000271,0.1,0.00020099999999999998
Philippines,2018,0.00083,0.1,0.00076
Poland,2018,0.000809,0.1,0.0007390000000000001
Portugal,2018,0.000381,0.1,0.00031099999999999997
Qatar,2018,0.000588,0.1,0.000518
Romania,2018,0.000413,0.1,0.000343
Russian Federation,2018,0.000452,0.1,0.00038199999999999996
Saudi Arabia,2018,0.000657,0.1,0.0005870000000000001
Senegal,2018,0.001001,0.1,0.000931
Serbia,2018,0.000837,0.1,0.000767
Singapore,2018,0.000489,0.1,0.000419
Slovak Republic,2018,0.00021,0.1,0.00014000000000000001
Slovenia,2018,0.000298,0.1,0.00022799999999999999
South Africa,2018,0.001026,0.1,0.000956
Spain,2018,0.000332,0.1,0.00026199999999999997
Sri Lanka,2018,0.000626,0.1,0.0005560000000000001
Sudan,2018,0.000457,0.1,0.000387
Sudan,2018,0.000457,0.1,0.000387
Suriname,2018,0.000585,0.1,0.000515
Sweden,2018,5.5e-05,0.1,-1.4999999999999992e-05
Switzerland,2018,5.9e-05,0.1,-1.0999999999999996e-05
Syrian Arab Republic,2018,0.000845,0.1,0.0007750000000000001
Chinese Taipei,2018,0.000644,0.1,0.0005740000000000001
Tajikistan,2018,9.1e-05,0.1,2.100000000000001e-05
United Rep. of Tanzania,2018,0.000444,0.1,0.000374
Thailand,2018,0.000607,0.1,0.000537
Togo,2018,0.000707,0.1,0.000637
Trinidad and Tobago,2018,0.000654,0.1,0.000584
Tunisia,2018,0.000592,0.1,0.000522
Turkey,2018,0.000573,0.1,0.0005030000000000001
Turkmenistan,2018,0.001107,0.1,0.001037
United Arab Emirates,2018,0.000645,0.1,0.000575
United Kingdom,2018,0.000328,0.1,0.000258
Ukraine,2018,0.000462,0.1,0.000392
Uruguay,2018,9e-05,0.1,2.0000000000000012e-05
United States,2018,0.000492,0.1,0.00042200000000000007
Uzbekistan,2018,0.000589,0.1,0.000519
Venezuela,2018,0.000462,0.1,0.000392
Viet Nam,2018,0.000531,0.1,0.00046100000000000004
Yemen,2018,0.000945,0.1,0.000875
Zambia,2018,0.000211,0.1,0.000141
Zimbabwe,2018,0.000846,0.1,0.000776
World,2019,0.000564,0.1,0.0004940000000000001
Americas,2019,0.000408,0.1,0.000338
"OECD Americas (US, Canada, Mexico, Chile)",2019,0.000435,0.1,0.000365
Non-OECD Americas,2019,0.000264,0.1,0.00019400000000000003
Africa,2019,0.000717,0.1,0.000647
Asia,2019,0.000687,0.1,0.000617
ASEAN,2019,0.000711,0.1,0.0006410000000000001
Europe,2019,0.000345,0.1,0.00027499999999999996
EU - 28,2019,0.000264,0.1,0.00019400000000000003
Europe excluding EU - 28,2019,0.000454,0.1,0.000384
Middle East,2019,0.000735,0.1,0.000665
Oceania,2019,0.000585,0.1,0.000515
Albania,2019,1.9e-05,0.1,-5.099999999999999e-05
Algeria,2019,0.000657,0.1,0.0005870000000000001
Angola,2019,0.000606,0.1,0.000536
Argentina,2019,0.000444,0.1,0.000374
Armenia,2019,0.000255,0.1,0.00018500000000000002
Australia,2019,0.000766,0.1,0.000696
Austria,2019,0.000191,0.1,0.00012100000000000001
Azerbaijan,2019,0.000584,0.1,0.000514
Bahrain,2019,0.000794,0.1,0.000724
Bangladesh,2019,0.00063,0.1,0.0005600000000000001
Belarus,2019,0.000464,0.1,0.00039400000000000004
Belgium,2019,0.000254,0.1,0.000184
Benin,2019,0.001064,0.1,0.000994
Bolivia,2019,0.000509,0.1,0.00043900000000000005
Bosnia and Herzegovina,2019,0.000759,0.1,0.000689
Botswana,2019,0.001647,0.1,0.001577
Brazil,2019,0.000166,0.1,9.6e-05
Brunei Darussalam,2019,0.000907,0.1,0.0008370000000000001
Bulgaria,2019,0.000475,0.1,0.000405
Cambodia,2019,0.000496,0.1,0.00042600000000000005
Cameroon,2019,0.000403,0.1,0.00033299999999999996
Canada,2019,0.000164,0.1,9.400000000000001e-05
Chile,2019,0.000482,0.1,0.00041200000000000004
People's Rep. of China,2019,0.000686,0.1,0.000616
Colombia,2019,0.000215,0.1,0.000145
Congo,2019,0.0006,0.1,0.00053
Democratic Republic of the Congo,2019,2e-05,0.1,-4.9999999999999996e-05
Costa Rica,2019,3.6e-05,0.1,-3.399999999999999e-05
Côte d'Ivoire,2019,0.000452,0.1,0.00038199999999999996
Croatia,2019,0.000187,0.1,0.000117
Cuba,2019,0.000661,0.1,0.000591
Curacao/Netherlands Antilles,2019,0.000701,0.1,0.000631
Cyprus,2019,0.000688,0.1,0.0006180000000000001
Czech Republic,2019,0.000519,0.1,0.00044900000000000007
Denmark,2019,0.000246,0.1,0.00017600000000000002
Dominican Republic,2019,0.000716,0.1,0.000646
Ecuador,2019,0.000267,0.1,0.000197
Egypt,2019,0.000647,0.1,0.000577
El Salvador,2019,0.000266,0.1,0.00019600000000000002
Eritrea,2019,0.000966,0.1,0.000896
Estonia,2019,0.00088,0.1,0.0008100000000000001
Ethiopia,2019,1.9e-05,0.1,-5.099999999999999e-05
Finland,2019,0.000186,0.1,0.000116
France,2019,5.6e-05,0.1,-1.3999999999999995e-05
Guadeloupe,2019,0.000889,0.1,0.0008190000000000001
Saint Pierre et Miquelon,2019,0.000925,0.1,0.0008550000000000001
La Réunion,2019,0.000765,0.1,0.000695
Nouvelle Calédonie,2019,0.000549,0.1,0.00047900000000000004
Mayotte,2019,0.000764,0.1,0.0006940000000000001
Martinique,2019,0.000824,0.1,0.000754
Guyane,2019,0.000945,0.1,0.000875
Macedonia,2019,0.000696,0.1,0.000626
Gabon,2019,0.000722,0.1,0.000652
Georgia,2019,0.00012,0.1,5.000000000000001e-05
Germany,2019,0.00044,0.1,0.00037
Ghana,2019,0.000326,0.1,0.00025600000000000004
Gibraltar,2019,0.000792,0.1,0.000722
Greece,2019,0.000596,0.1,0.000526
Greenland,2019,8.9e-05,0.1,1.9e-05
Guatemala,2019,0.000497,0.1,0.0004270000000000001
Haiti,2019,0.001405,0.1,0.001335
Honduras,2019,0.000483,0.1,0.00041299999999999996
"Hong Kong, China",2019,0.000822,0.1,0.0007520000000000001
Hungary,2019,0.000304,0.1,0.00023400000000000002
Iceland,2019,2.6e-05,0.1,-4.4e-05
India,2019,0.000915,0.1,0.000845
Indonesia,2019,0.000909,0.1,0.000839
Iran,2019,0.000667,0.1,0.000597
Iraq,2019,0.001695,0.1,0.001625
Ireland,2019,0.000388,0.1,0.00031800000000000003
Israel,2019,0.000548,0.1,0.000478
Italy,2019,0.000371,0.1,0.00030100000000000005
Jamaica,2019,0.000815,0.1,0.000745
Japan,2019,0.000574,0.1,0.000504
Jordan,2019,0.000572,0.1,0.0005020000000000001
Kazakhstan,2019,0.000731,0.1,0.000661
Kenya,2019,0.000239,0.1,0.00016900000000000002
Korea,2019,0.000603,0.1,0.000533
DPR of Korea,2019,0.000243,0.1,0.000173
Kosovo,2019,0.001165,0.1,0.001095
Kuwait,2019,0.000815,0.1,0.000745
Kyrgyzstan,2019,7.9e-05,0.1,9.000000000000002e-06
Latvia,2019,0.000223,0.1,0.000153
Lebanon,2019,0.000892,0.1,0.000822
Libya,2019,0.000853,0.1,0.0007830000000000001
Lithuania,2019,0.000143,0.1,7.300000000000001e-05
Luxembourg,2019,0.000201,0.1,0.000131
Malaysia,2019,0.000784,0.1,0.000714
Malta,2019,0.000428,0.1,0.00035800000000000003
Mauritius,2019,0.00092,0.1,0.0008500000000000001
Mexico,2019,0.000571,0.1,0.000501
Republic of Moldova,2019,0.000579,0.1,0.000509
Mongolia,2019,0.001377,0.1,0.001307
Montenegro,2019,0.000436,0.1,0.000366
Morocco,2019,0.000776,0.1,0.000706
Mozambique,2019,0.000106,0.1,3.600000000000001e-05
Myanmar,2019,0.000457,0.1,0.000387
Namibia,2019,4.5e-05,0.1,-2.499999999999999e-05
Nepal,2019,1.9e-05,0.1,-5.099999999999999e-05
Netherlands,2019,0.000469,0.1,0.00039900000000000005
Nicaragua,2019,0.000448,0.1,0.00037799999999999997
Niger,2019,0.001136,0.1,0.001066
Nigeria,2019,0.000549,0.1,0.00047900000000000004
Norway,2019,2.9e-05,0.1,-4.0999999999999994e-05
New Zealand,2019,0.000152,0.1,8.200000000000001e-05
Oman,2019,0.000583,0.1,0.000513
Pakistan,2019,0.000516,0.1,0.000446
Panama,2019,0.000227,0.1,0.000157
Paraguay,2019,1.9e-05,0.1,-5.099999999999999e-05
Peru,2019,0.000271,0.1,0.00020099999999999998
Philippines,2019,0.000842,0.1,0.000772
Poland,2019,0.000732,0.1,0.000662
Portugal,2019,0.000348,0.1,0.00027800000000000004
Qatar,2019,0.000587,0.1,0.000517
Romania,2019,0.000377,0.1,0.000307
Russian Federation,2019,0.000449,0.1,0.000379
Saudi Arabia,2019,0.000656,0.1,0.000586
Senegal,2019,0.000984,0.1,0.0009140000000000001
Serbia,2019,0.000772,0.1,0.000702
Singapore,2019,0.000496,0.1,0.00042600000000000005
Slovak Republic,2019,0.000193,0.1,0.000123
Slovenia,2019,0.000271,0.1,0.00020099999999999998
South Africa,2019,0.001022,0.1,0.0009519999999999999
Spain,2019,0.000304,0.1,0.00023400000000000002
Sri Lanka,2019,0.000618,0.1,0.000548
Sudan,2019,0.00045,0.1,0.00038
Sudan,2019,0.00045,0.1,0.00038
Suriname,2019,0.000584,0.1,0.000514
Sweden,2019,5.3e-05,0.1,-1.6999999999999993e-05
Switzerland,2019,5.6e-05,0.1,-1.3999999999999995e-05
Syrian Arab Republic,2019,0.000844,0.1,0.0007740000000000001
Chinese Taipei,2019,0.000636,0.1,0.000566
Tajikistan,2019,9.1e-05,0.1,2.100000000000001e-05
United Rep. of Tanzania,2019,0.000436,0.1,0.000366
Thailand,2019,0.000616,0.1,0.000546
Togo,2019,0.000695,0.1,0.000625
Trinidad and Tobago,2019,0.000653,0.1,0.0005830000000000001
Tunisia,2019,0.000582,0.1,0.0005120000000000001
Turkey,2019,0.000531,0.1,0.00046100000000000004
Turkmenistan,2019,0.001099,0.1,0.001029
United Arab Emirates,2019,0.000644,0.1,0.0005740000000000001
United Kingdom,2019,0.000306,0.1,0.00023600000000000002
Ukraine,2019,0.000427,0.1,0.000357
Uruguay,2019,9.1e-05,0.1,2.100000000000001e-05
United States,2019,0.000466,0.1,0.000396
Uzbekistan,2019,0.000585,0.1,0.000515
Venezuela,2019,0.000463,0.1,0.000393
Viet Nam,2019,0.000539,0.1,0.000469
Yemen,2019,0.000944,0.1,0.000874
Zambia,2019,0.000207,0.1,0.000137
Zimbabwe,2019,0.000832,0.1,0.000762
World,2020,0.000551,0.1,0.000481
Americas,2020,0.000394,0.1,0.00032399999999999996
"OECD Americas (US, Canada, Mexico, Chile)",2020,0.000417,0.1,0.000347
Non-OECD Americas,2020,0.00026,0.1,0.00018999999999999998
Africa,2020,0.000699,0.1,0.000629
Asia,2020,0.000671,0.1,0.0006010000000000001
ASEAN,2020,0.000705,0.1,0.000635
Europe,2020,0.000326,0.1,0.00025600000000000004
EU - 28,2020,0.000248,0.1,0.00017800000000000002
Europe excluding EU - 28,2020,0.00043,0.1,0.00035999999999999997
Middle East,2020,0.000721,0.1,0.000651
Oceania,2020,0.00056,0.1,0.00049
Albania,2020,1.8e-05,0.1,-5.199999999999999e-05
Algeria,2020,0.00064,0.1,0.0005700000000000001
Angola,2020,0.000591,0.1,0.0005210000000000001
Argentina,2020,0.000427,0.1,0.000357
Armenia,2020,0.000251,0.1,0.00018099999999999998
Australia,2020,0.000732,0.1,0.000662
Austria,2020,0.000182,0.1,0.00011200000000000001
Azerbaijan,2020,0.000576,0.1,0.000506
Bahrain,2020,0.000777,0.1,0.0007070000000000001
Bangladesh,2020,0.000619,0.1,0.000549
Belarus,2020,0.00044,0.1,0.00037
Belgium,2020,0.000241,0.1,0.000171
Benin,2020,0.001038,0.1,0.0009680000000000001
Bolivia,2020,0.000489,0.1,0.000419
Bosnia and Herzegovina,2020,0.000715,0.1,0.0006450000000000001
Botswana,2020,0.001605,0.1,0.0015350000000000001
Brazil,2020,0.000161,0.1,9.100000000000002e-05
Brunei Darussalam,2020,0.0009,0.1,0.00083
Bulgaria,2020,0.000447,0.1,0.00037700000000000006
Cambodia,2020,0.000492,0.1,0.00042200000000000007
Cameroon,2020,0.000393,0.1,0.00032300000000000004
Canada,2020,0.000159,0.1,8.9e-05
Chile,2020,0.000461,0.1,0.00039099999999999996
People's Rep. of China,2020,0.000674,0.1,0.000604
Colombia,2020,0.000207,0.1,0.000137
Congo,2020,0.000586,0.1,0.0005160000000000001
Democratic Republic of the Congo,2020,2e-05,0.1,-4.9999999999999996e-05
Costa Rica,2020,3.6e-05,0.1,-3.399999999999999e-05
Côte d'Ivoire,2020,0.000441,0.1,0.000371
Croatia,2020,0.000178,0.1,0.000108
Cuba,2020,0.000635,0.1,0.0005650000000000001
Curacao/Netherlands Antilles,2020,0.000671,0.1,0.0006010000000000001
Cyprus,2020,0.000648,0.1,0.0005780000000000001
Czech Republic,2020,0.000488,0.1,0.00041799999999999997
Denmark,2020,0.000235,0.1,0.000165
Dominican Republic,2020,0.000686,0.1,0.000616
Ecuador,2020,0.000256,0.1,0.000186
Egypt,2020,0.000632,0.1,0.000562
El Salvador,2020,0.000257,0.1,0.00018700000000000002
Eritrea,2020,0.000941,0.1,0.000871
Estonia,2020,0.000827,0.1,0.0007570000000000001
Ethiopia,2020,1.9e-05,0.1,-5.099999999999999e-05
Finland,2020,0.000178,0.1,0.000108
France,2020,5.6e-05,0.1,-1.3999999999999995e-05
Guadeloupe,2020,0.000869,0.1,0.000799
Saint Pierre et Miquelon,2020,0.000904,0.1,0.000834
La Réunion,2020,0.000747,0.1,0.0006770000000000001
Nouvelle Calédonie,2020,0.000537,0.1,0.0004670000000000001
Mayotte,2020,0.000747,0.1,0.0006770000000000001
Martinique,2020,0.000805,0.1,0.0007350000000000001
Guyane,2020,0.000931,0.1,0.000861
Macedonia,2020,0.000658,0.1,0.000588
Gabon,2020,0.000704,0.1,0.000634
Georgia,2020,0.000118,0.1,4.8e-05
Germany,2020,0.000415,0.1,0.00034500000000000004
Ghana,2020,0.000318,0.1,0.00024799999999999996
Gibraltar,2020,0.000747,0.1,0.0006770000000000001
Greece,2020,0.000562,0.1,0.000492
Greenland,2020,8.8e-05,0.1,1.8000000000000004e-05
Guatemala,2020,0.000477,0.1,0.000407
Haiti,2020,0.001358,0.1,0.001288
Honduras,2020,0.000466,0.1,0.000396
"Hong Kong, China",2020,0.000807,0.1,0.000737
Hungary,2020,0.000288,0.1,0.000218
Iceland,2020,2.6e-05,0.1,-4.4e-05
India,2020,0.000894,0.1,0.0008240000000000001
Indonesia,2020,0.000902,0.1,0.0008320000000000001
Iran,2020,0.000654,0.1,0.000584
Iraq,2020,0.001664,0.1,0.001594
Ireland,2020,0.000366,0.1,0.00029600000000000004
Israel,2020,0.000518,0.1,0.00044800000000000005
Italy,2020,0.000351,0.1,0.000281
Jamaica,2020,0.000784,0.1,0.000714
Japan,2020,0.00056,0.1,0.00049
Jordan,2020,0.000561,0.1,0.000491
Kazakhstan,2020,0.000721,0.1,0.000651
Kenya,2020,0.000233,0.1,0.000163
Korea,2020,0.000592,0.1,0.000522
DPR of Korea,2020,0.000239,0.1,0.00016900000000000002
Kosovo,2020,0.001102,0.1,0.001032
Kuwait,2020,0.000799,0.1,0.000729
Kyrgyzstan,2020,7.8e-05,0.1,8.000000000000005e-06
Latvia,2020,0.000213,0.1,0.000143
Lebanon,2020,0.000874,0.1,0.000804
Libya,2020,0.000832,0.1,0.000762
Lithuania,2020,0.000138,0.1,6.8e-05
Luxembourg,2020,0.000191,0.1,0.00012100000000000001
Malaysia,2020,0.000778,0.1,0.0007080000000000001
Malta,2020,0.000405,0.1,0.000335
Mauritius,2020,0.000897,0.1,0.000827
Mexico,2020,0.000551,0.1,0.000481
Republic of Moldova,2020,0.000549,0.1,0.00047900000000000004
Mongolia,2020,0.001352,0.1,0.001282
Montenegro,2020,0.000412,0.1,0.00034199999999999996
Morocco,2020,0.000756,0.1,0.0006860000000000001
Mozambique,2020,0.000103,0.1,3.3e-05
Myanmar,2020,0.000453,0.1,0.000383
Namibia,2020,4.4e-05,0.1,-2.5999999999999995e-05
Nepal,2020,1.9e-05,0.1,-5.099999999999999e-05
Netherlands,2020,0.000443,0.1,0.00037299999999999996
Nicaragua,2020,0.000432,0.1,0.000362
Niger,2020,0.001108,0.1,0.001038
Nigeria,2020,0.000535,0.1,0.000465
Norway,2020,2.8e-05,0.1,-4.199999999999999e-05
New Zealand,2020,0.000149,0.1,7.9e-05
Oman,2020,0.000571,0.1,0.000501
Pakistan,2020,0.000507,0.1,0.000437
Panama,2020,0.000218,0.1,0.00014800000000000002
Paraguay,2020,1.9e-05,0.1,-5.099999999999999e-05
Peru,2020,0.00026,0.1,0.00018999999999999998
Philippines,2020,0.000835,0.1,0.0007650000000000001
Poland,2020,0.000688,0.1,0.0006180000000000001
Portugal,2020,0.000329,0.1,0.000259
Qatar,2020,0.000576,0.1,0.000506
Romania,2020,0.000356,0.1,0.000286
Russian Federation,2020,0.000443,0.1,0.00037299999999999996
Saudi Arabia,2020,0.000643,0.1,0.000573
Senegal,2020,0.000959,0.1,0.000889
Serbia,2020,0.000728,0.1,0.0006580000000000001
Singapore,2020,0.000492,0.1,0.00042200000000000007
Slovak Republic,2020,0.000183,0.1,0.00011300000000000001
Slovenia,2020,0.000255,0.1,0.00018500000000000002
South Africa,2020,0.001008,0.1,0.000938
Spain,2020,0.000287,0.1,0.000217
Sri Lanka,2020,0.000607,0.1,0.000537
Sudan,2020,0.000439,0.1,0.00036899999999999997
Sudan,2020,0.000439,0.1,0.00036899999999999997
Suriname,2020,0.000559,0.1,0.0004890000000000001
Sweden,2020,5.1e-05,0.1,-1.8999999999999994e-05
Switzerland,2020,5.4e-05,0.1,-1.5999999999999996e-05
Syrian Arab Republic,2020,0.000827,0.1,0.0007570000000000001
Chinese Taipei,2020,0.000624,0.1,0.000554
Tajikistan,2020,9e-05,0.1,2.0000000000000012e-05
United Rep. of Tanzania,2020,0.000426,0.1,0.000356
Thailand,2020,0.000611,0.1,0.000541
Togo,2020,0.000677,0.1,0.000607
Trinidad and Tobago,2020,0.000625,0.1,0.000555
Tunisia,2020,0.000568,0.1,0.0004980000000000001
Turkey,2020,0.000502,0.1,0.000432
Turkmenistan,2020,0.001084,0.1,0.001014
United Arab Emirates,2020,0.000631,0.1,0.0005610000000000001
United Kingdom,2020,0.000291,0.1,0.00022100000000000003
Ukraine,2020,0.000404,0.1,0.000334
Uruguay,2020,8.9e-05,0.1,1.9e-05
United States,2020,0.000449,0.1,0.000379
Uzbekistan,2020,0.000577,0.1,0.0005070000000000001
Venezuela,2020,0.000446,0.1,0.00037600000000000003
Viet Nam,2020,0.000535,0.1,0.000465
Yemen,2020,0.000926,0.1,0.000856
Zambia,2020,0.000202,0.1,0.000132
Zimbabwe,2020,0.000811,0.1,0.000741
World,2021,0.000539,0.1,0.000469
Americas,2021,0.00038,0.1,0.00031000000000000005
"OECD Americas (US, Canada, Mexico, Chile)",2021,0.0004,0.1,0.00033
Non-OECD Americas,2021,0.000255,0.1,0.00018500000000000002
Africa,2021,0.000682,0.1,0.000612
Asia,2021,0.000656,0.1,0.000586
ASEAN,2021,0.000699,0.1,0.000629
Europe,2021,0.000309,0.1,0.00023899999999999998
EU - 28,2021,0.000232,0.1,0.000162
Europe excluding EU - 28,2021,0.000407,0.1,0.00033700000000000006
Middle East,2021,0.000707,0.1,0.000637
Oceania,2021,0.000536,0.1,0.00046600000000000005
Albania,2021,1.8e-05,0.1,-5.199999999999999e-05
Algeria,2021,0.000625,0.1,0.000555
Angola,2021,0.000576,0.1,0.000506
Argentina,2021,0.00041,0.1,0.00034
Armenia,2021,0.000248,0.1,0.00017800000000000002
Australia,2021,0.0007,0.1,0.00063
Austria,2021,0.000173,0.1,0.00010300000000000001
Azerbaijan,2021,0.000568,0.1,0.0004980000000000001
Bahrain,2021,0.000761,0.1,0.000691
Bangladesh,2021,0.000608,0.1,0.0005380000000000001
Belarus,2021,0.000418,0.1,0.000348
Belgium,2021,0.000229,0.1,0.00015900000000000002
Benin,2021,0.001012,0.1,0.0009420000000000001
Bolivia,2021,0.000469,0.1,0.00039900000000000005
Bosnia and Herzegovina,2021,0.000673,0.1,0.000603
Botswana,2021,0.001564,0.1,0.001494
Brazil,2021,0.000156,0.1,8.6e-05
Brunei Darussalam,2021,0.000893,0.1,0.0008230000000000001
Bulgaria,2021,0.000421,0.1,0.00035099999999999997
Cambodia,2021,0.000488,0.1,0.00041799999999999997
Cameroon,2021,0.000383,0.1,0.000313
Canada,2021,0.000153,0.1,8.300000000000001e-05
Chile,2021,0.000441,0.1,0.000371
People's Rep. of China,2021,0.000662,0.1,0.0005920000000000001
Colombia,2021,0.000198,0.1,0.000128
Congo,2021,0.000572,0.1,0.0005020000000000001
Democratic Republic of the Congo,2021,1.9e-05,0.1,-5.099999999999999e-05
Costa Rica,2021,3.5e-05,0.1,-3.5e-05
Côte d'Ivoire,2021,0.000431,0.1,0.000361
Croatia,2021,0.000169,0.1,9.9e-05
Cuba,2021,0.00061,0.1,0.00054
Curacao/Netherlands Antilles,2021,0.000643,0.1,0.000573
Cyprus,2021,0.00061,0.1,0.00054
Czech Republic,2021,0.000459,0.1,0.000389
Denmark,2021,0.000224,0.1,0.000154
Dominican Republic,2021,0.000658,0.1,0.000588
Ecuador,2021,0.000246,0.1,0.00017600000000000002
Egypt,2021,0.000616,0.1,0.000546
El Salvador,2021,0.000248,0.1,0.00017800000000000002
Eritrea,2021,0.000917,0.1,0.000847
Estonia,2021,0.000778,0.1,0.0007080000000000001
Ethiopia,2021,1.8e-05,0.1,-5.199999999999999e-05
Finland,2021,0.00017,0.1,0.00010000000000000002
France,2021,5.5e-05,0.1,-1.4999999999999992e-05
Guadeloupe,2021,0.000849,0.1,0.0007790000000000001
Saint Pierre et Miquelon,2021,0.000884,0.1,0.000814
La Réunion,2021,0.00073,0.1,0.00066
Nouvelle Calédonie,2021,0.000525,0.1,0.000455
Mayotte,2021,0.00073,0.1,0.00066
Martinique,2021,0.000788,0.1,0.000718
Guyane,2021,0.000918,0.1,0.000848
Macedonia,2021,0.000622,0.1,0.0005520000000000001
Gabon,2021,0.000686,0.1,0.000616
Georgia,2021,0.000117,0.1,4.7000000000000004e-05
Germany,2021,0.000392,0.1,0.000322
Ghana,2021,0.00031,0.1,0.00024
Gibraltar,2021,0.000705,0.1,0.000635
Greece,2021,0.000529,0.1,0.000459
Greenland,2021,8.6e-05,0.1,1.600000000000001e-05
Guatemala,2021,0.000458,0.1,0.000388
Haiti,2021,0.001314,0.1,0.001244
Honduras,2021,0.000449,0.1,0.000379
"Hong Kong, China",2021,0.000793,0.1,0.000723
Hungary,2021,0.000272,0.1,0.000202
Iceland,2021,2.6e-05,0.1,-4.4e-05
India,2021,0.000875,0.1,0.000805
Indonesia,2021,0.000894,0.1,0.0008240000000000001
Iran,2021,0.000641,0.1,0.000571
Iraq,2021,0.001633,0.1,0.001563
Ireland,2021,0.000346,0.1,0.000276
Israel,2021,0.000489,0.1,0.000419
Italy,2021,0.000332,0.1,0.00026199999999999997
Jamaica,2021,0.000754,0.1,0.000684
Japan,2021,0.000546,0.1,0.0004760000000000001
Jordan,2021,0.00055,0.1,0.00048000000000000007
Kazakhstan,2021,0.000711,0.1,0.0006410000000000001
Kenya,2021,0.000228,0.1,0.00015800000000000002
Korea,2021,0.000581,0.1,0.0005110000000000001
DPR of Korea,2021,0.000235,0.1,0.000165
Kosovo,2021,0.001042,0.1,0.000972
Kuwait,2021,0.000783,0.1,0.000713
Kyrgyzstan,2021,7.7e-05,0.1,7.0000000000000075e-06
Latvia,2021,0.000204,0.1,0.000134
Lebanon,2021,0.000856,0.1,0.000786
Libya,2021,0.000811,0.1,0.000741
Lithuania,2021,0.000133,0.1,6.300000000000001e-05
Luxembourg,2021,0.000181,0.1,0.00011100000000000001
Malaysia,2021,0.000772,0.1,0.000702
Malta,2021,0.000383,0.1,0.000313
Mauritius,2021,0.000874,0.1,0.000804
Mexico,2021,0.000532,0.1,0.00046200000000000006
Republic of Moldova,2021,0.00052,0.1,0.00045
Mongolia,2021,0.001328,0.1,0.001258
Montenegro,2021,0.000389,0.1,0.00031900000000000006
Morocco,2021,0.000737,0.1,0.0006670000000000001
Mozambique,2021,0.000101,0.1,3.100000000000001e-05
Myanmar,2021,0.00045,0.1,0.00038
Namibia,2021,4.3e-05,0.1,-2.6999999999999992e-05
Nepal,2021,1.9e-05,0.1,-5.099999999999999e-05
Netherlands,2021,0.000418,0.1,0.000348
Nicaragua,2021,0.000417,0.1,0.000347
Niger,2021,0.00108,0.1,0.00101
Nigeria,2021,0.000522,0.1,0.00045200000000000004
Norway,2021,2.7e-05,0.1,-4.2999999999999995e-05
New Zealand,2021,0.000147,0.1,7.7e-05
Oman,2021,0.00056,0.1,0.00049
Pakistan,2021,0.000499,0.1,0.000429
Panama,2021,0.000209,0.1,0.00013900000000000002
Paraguay,2021,1.9e-05,0.1,-5.099999999999999e-05
Peru,2021,0.00025,0.1,0.00018
Philippines,2021,0.000829,0.1,0.000759
Poland,2021,0.000647,0.1,0.000577
Portugal,2021,0.000311,0.1,0.00024100000000000003
Qatar,2021,0.000564,0.1,0.0004940000000000001
Romania,2021,0.000336,0.1,0.00026599999999999996
Russian Federation,2021,0.000438,0.1,0.00036800000000000005
Saudi Arabia,2021,0.00063,0.1,0.0005600000000000001
Senegal,2021,0.000935,0.1,0.000865
Serbia,2021,0.000686,0.1,0.000616
Singapore,2021,0.000488,0.1,0.00041799999999999997
Slovak Republic,2021,0.000173,0.1,0.00010300000000000001
Slovenia,2021,0.00024,0.1,0.00017
South Africa,2021,0.000994,0.1,0.0009240000000000001
Spain,2021,0.000271,0.1,0.00020099999999999998
Sri Lanka,2021,0.000597,0.1,0.000527
Sudan,2021,0.000428,0.1,0.00035800000000000003
Sudan,2021,0.000428,0.1,0.00035800000000000003
Suriname,2021,0.000535,0.1,0.000465
Sweden,2021,5e-05,0.1,-1.999999999999999e-05
Switzerland,2021,5.2e-05,0.1,-1.7999999999999997e-05
Syrian Arab Republic,2021,0.00081,0.1,0.00074
Chinese Taipei,2021,0.000613,0.1,0.0005430000000000001
Tajikistan,2021,8.9e-05,0.1,1.9e-05
United Rep. of Tanzania,2021,0.000415,0.1,0.00034500000000000004
Thailand,2021,0.000606,0.1,0.000536
Togo,2021,0.000661,0.1,0.000591
Trinidad and Tobago,2021,0.000598,0.1,0.000528
Tunisia,2021,0.000554,0.1,0.00048400000000000006
Turkey,2021,0.000475,0.1,0.000405
Turkmenistan,2021,0.00107,0.1,0.001
United Arab Emirates,2021,0.000619,0.1,0.000549
United Kingdom,2021,0.000277,0.1,0.00020700000000000002
Ukraine,2021,0.000382,0.1,0.000312
Uruguay,2021,8.8e-05,0.1,1.8000000000000004e-05
United States,2021,0.000433,0.1,0.00036300000000000004
Uzbekistan,2021,0.000569,0.1,0.000499
Venezuela,2021,0.000429,0.1,0.00035900000000000005
Viet Nam,2021,0.00053,0.1,0.00046
Yemen,2021,0.000908,0.1,0.000838
Zambia,2021,0.000197,0.1,0.000127
Zimbabwe,2021,0.000791,0.1,0.0007210000000000001
World,2022,0.000528,0.1,0.0004580000000000001
Americas,2022,0.000366,0.1,0.00029600000000000004
"OECD Americas (US, Canada, Mexico, Chile)",2022,0.000383,0.1,0.000313
Non-OECD Americas,2022,0.000251,0.1,0.00018099999999999998
Africa,2022,0.000665,0.1,0.000595
Asia,2022,0.000642,0.1,0.000572
ASEAN,2022,0.000693,0.1,0.0006230000000000001
Europe,2022,0.000293,0.1,0.00022300000000000003
EU - 28,2022,0.000217,0.1,0.000147
Europe excluding EU - 28,2022,0.000385,0.1,0.00031499999999999996
Middle East,2022,0.000693,0.1,0.0006230000000000001
Oceania,2022,0.000513,0.1,0.00044300000000000003
Albania,2022,1.8e-05,0.1,-5.199999999999999e-05
Algeria,2022,0.000609,0.1,0.000539
Angola,2022,0.000561,0.1,0.000491
Argentina,2022,0.000395,0.1,0.000325
Armenia,2022,0.000245,0.1,0.000175
Australia,2022,0.00067,0.1,0.0006000000000000001
Austria,2022,0.000164,0.1,9.400000000000001e-05
Azerbaijan,2022,0.000561,0.1,0.000491
Bahrain,2022,0.000746,0.1,0.0006760000000000001
Bangladesh,2022,0.000598,0.1,0.000528
Belarus,2022,0.000396,0.1,0.000326
Belgium,2022,0.000217,0.1,0.000147
Benin,2022,0.000987,0.1,0.0009170000000000001
Bolivia,2022,0.00045,0.1,0.00038
Bosnia and Herzegovina,2022,0.000634,0.1,0.000564
Botswana,2022,0.001524,0.1,0.001454
Brazil,2022,0.000151,0.1,8.100000000000002e-05
Brunei Darussalam,2022,0.000886,0.1,0.000816
Bulgaria,2022,0.000396,0.1,0.000326
Cambodia,2022,0.000484,0.1,0.000414
Cameroon,2022,0.000374,0.1,0.000304
Canada,2022,0.000148,0.1,7.8e-05
Chile,2022,0.000422,0.1,0.000352
People's Rep. of China,2022,0.00065,0.1,0.00058
Colombia,2022,0.000191,0.1,0.00012100000000000001
Congo,2022,0.000558,0.1,0.00048800000000000004
Democratic Republic of the Congo,2022,1.9e-05,0.1,-5.099999999999999e-05
Costa Rica,2022,3.4e-05,0.1,-3.5999999999999994e-05
Côte d'Ivoire,2022,0.00042,0.1,0.00035000000000000005
Croatia,2022,0.00016,0.1,9.000000000000002e-05
Cuba,2022,0.000587,0.1,0.000517
Curacao/Netherlands Antilles,2022,0.000616,0.1,0.000546
Cyprus,2022,0.000574,0.1,0.000504
Czech Republic,2022,0.000432,0.1,0.000362
Denmark,2022,0.000214,0.1,0.000144
Dominican Republic,2022,0.000632,0.1,0.000562
Ecuador,2022,0.000237,0.1,0.000167
Egypt,2022,0.000601,0.1,0.000531
El Salvador,2022,0.000239,0.1,0.00016900000000000002
Eritrea,2022,0.000894,0.1,0.0008240000000000001
Estonia,2022,0.000731,0.1,0.000661
Ethiopia,2022,1.8e-05,0.1,-5.199999999999999e-05
Finland,2022,0.000163,0.1,9.300000000000001e-05
France,2022,5.4e-05,0.1,-1.5999999999999996e-05
Guadeloupe,2022,0.00083,0.1,0.00076
Saint Pierre et Miquelon,2022,0.000865,0.1,0.000795
La Réunion,2022,0.000714,0.1,0.000644
Nouvelle Calédonie,2022,0.000513,0.1,0.00044300000000000003
Mayotte,2022,0.000714,0.1,0.000644
Martinique,2022,0.00077,0.1,0.0007
Guyane,2022,0.000906,0.1,0.000836
Macedonia,2022,0.000588,0.1,0.000518
Gabon,2022,0.000669,0.1,0.000599
Georgia,2022,0.000116,0.1,4.600000000000001e-05
Germany,2022,0.000369,0.1,0.000299
Ghana,2022,0.000303,0.1,0.000233
Gibraltar,2022,0.000665,0.1,0.000595
Greece,2022,0.000499,0.1,0.000429
Greenland,2022,8.5e-05,0.1,1.5000000000000012e-05
Guatemala,2022,0.00044,0.1,0.00037
Haiti,2022,0.001272,0.1,0.001202
Honduras,2022,0.000433,0.1,0.00036300000000000004
"Hong Kong, China",2022,0.000779,0.1,0.000709
Hungary,2022,0.000258,0.1,0.000188
Iceland,2022,2.5e-05,0.1,-4.4999999999999996e-05
India,2022,0.000855,0.1,0.000785
Indonesia,2022,0.000887,0.1,0.000817
Iran,2022,0.000628,0.1,0.000558
Iraq,2022,0.001603,0.1,0.001533
Ireland,2022,0.000328,0.1,0.000258
Israel,2022,0.000463,0.1,0.000393
Italy,2022,0.000315,0.1,0.000245
Jamaica,2022,0.000726,0.1,0.000656
Japan,2022,0.000533,0.1,0.0004630000000000001
Jordan,2022,0.000539,0.1,0.000469
Kazakhstan,2022,0.000701,0.1,0.000631
Kenya,2022,0.000222,0.1,0.000152
Korea,2022,0.000571,0.1,0.000501
DPR of Korea,2022,0.000231,0.1,0.000161
Kosovo,2022,0.000987,0.1,0.0009170000000000001
Kuwait,2022,0.000767,0.1,0.000697
Kyrgyzstan,2022,7.6e-05,0.1,6.00000000000001e-06
Latvia,2022,0.000195,0.1,0.000125
Lebanon,2022,0.000839,0.1,0.000769
Libya,2022,0.000791,0.1,0.0007210000000000001
Lithuania,2022,0.000128,0.1,5.8e-05
Luxembourg,2022,0.000172,0.1,0.00010200000000000001
Malaysia,2022,0.000765,0.1,0.000695
Malta,2022,0.000363,0.1,0.00029299999999999997
Mauritius,2022,0.000852,0.1,0.000782
Mexico,2022,0.000514,0.1,0.00044400000000000006
Republic of Moldova,2022,0.000493,0.1,0.000423
Mongolia,2022,0.001304,0.1,0.001234
Montenegro,2022,0.000368,0.1,0.000298
Morocco,2022,0.000718,0.1,0.000648
Mozambique,2022,9.8e-05,0.1,2.8000000000000003e-05
Myanmar,2022,0.000446,0.1,0.00037600000000000003
Namibia,2022,4.2e-05,0.1,-2.7999999999999996e-05
Nepal,2022,1.9e-05,0.1,-5.099999999999999e-05
Netherlands,2022,0.000395,0.1,0.000325
Nicaragua,2022,0.000403,0.1,0.00033299999999999996
Niger,2022,0.001052,0.1,0.000982
Nigeria,2022,0.000509,0.1,0.00043900000000000005
Norway,2022,2.6e-05,0.1,-4.4e-05
New Zealand,2022,0.000145,0.1,7.500000000000001e-05
Oman,2022,0.000549,0.1,0.00047900000000000004
Pakistan,2022,0.000491,0.1,0.00042100000000000004
Panama,2022,0.000201,0.1,0.000131
Paraguay,2022,1.9e-05,0.1,-5.099999999999999e-05
Peru,2022,0.00024,0.1,0.00017
Philippines,2022,0.000822,0.1,0.0007520000000000001
Poland,2022,0.000608,0.1,0.0005380000000000001
Portugal,2022,0.000295,0.1,0.00022500000000000002
Qatar,2022,0.000553,0.1,0.00048300000000000003
Romania,2022,0.000317,0.1,0.00024700000000000004
Russian Federation,2022,0.000433,0.1,0.00036300000000000004
Saudi Arabia,2022,0.000617,0.1,0.0005470000000000001
Senegal,2022,0.000912,0.1,0.0008420000000000001
Serbia,2022,0.000647,0.1,0.000577
Singapore,2022,0.000484,0.1,0.000414
Slovak Republic,2022,0.000164,0.1,9.400000000000001e-05
Slovenia,2022,0.000226,0.1,0.000156
South Africa,2022,0.00098,0.1,0.00091
Spain,2022,0.000257,0.1,0.00018700000000000002
Sri Lanka,2022,0.000586,0.1,0.0005160000000000001
Sudan,2022,0.000418,0.1,0.000348
Sudan,2022,0.000418,0.1,0.000348
Suriname,2022,0.000513,0.1,0.00044300000000000003
Sweden,2022,4.9e-05,0.1,-2.0999999999999995e-05
Switzerland,2022,5e-05,0.1,-1.999999999999999e-05
Syrian Arab Republic,2022,0.000794,0.1,0.000724
Chinese Taipei,2022,0.000602,0.1,0.000532
Tajikistan,2022,8.8e-05,0.1,1.8000000000000004e-05
United Rep. of Tanzania,2022,0.000405,0.1,0.000335
Thailand,2022,0.000602,0.1,0.000532
Togo,2022,0.000644,0.1,0.0005740000000000001
Trinidad and Tobago,2022,0.000573,0.1,0.0005030000000000001
Tunisia,2022,0.00054,0.1,0.00047000000000000004
Turkey,2022,0.00045,0.1,0.00038
Turkmenistan,2022,0.001055,0.1,0.000985
United Arab Emirates,2022,0.000606,0.1,0.000536
United Kingdom,2022,0.000264,0.1,0.00019400000000000003
Ukraine,2022,0.000361,0.1,0.000291
Uruguay,2022,8.6e-05,0.1,1.600000000000001e-05
United States,2022,0.000418,0.1,0.000348
Uzbekistan,2022,0.000562,0.1,0.000492
Venezuela,2022,0.000414,0.1,0.000344
Viet Nam,2022,0.000526,0.1,0.000456
Yemen,2022,0.00089,0.1,0.00082
Zambia,2022,0.000192,0.1,0.00012200000000000001
Zimbabwe,2022,0.000771,0.1,0.000701
World,2023,0.000516,0.1,0.000446
Americas,2023,0.000353,0.1,0.00028300000000000005
"OECD Americas (US, Canada, Mexico, Chile)",2023,0.000368,0.1,0.000298
Non-OECD Americas,2023,0.000247,0.1,0.000177
Africa,2023,0.000648,0.1,0.0005780000000000001
Asia,2023,0.000628,0.1,0.000558
ASEAN,2023,0.000688,0.1,0.0006180000000000001
Europe,2023,0.000278,0.1,0.000208
EU - 28,2023,0.000203,0.1,0.000133
Europe excluding EU - 28,2023,0.000365,0.1,0.000295
Middle East,2023,0.000679,0.1,0.0006090000000000001
Oceania,2023,0.000492,0.1,0.00042200000000000007
Albania,2023,1.7e-05,0.1,-5.2999999999999994e-05
Algeria,2023,0.000594,0.1,0.000524
Angola,2023,0.000547,0.1,0.000477
Argentina,2023,0.00038,0.1,0.00031000000000000005
Armenia,2023,0.000242,0.1,0.000172
Australia,2023,0.000641,0.1,0.000571
Austria,2023,0.000156,0.1,8.6e-05
Azerbaijan,2023,0.000553,0.1,0.00048300000000000003
Bahrain,2023,0.00073,0.1,0.00066
Bangladesh,2023,0.000588,0.1,0.000518
Belarus,2023,0.000376,0.1,0.00030599999999999996
Belgium,2023,0.000207,0.1,0.000137
Benin,2023,0.000962,0.1,0.000892
Bolivia,2023,0.000432,0.1,0.000362
Bosnia and Herzegovina,2023,0.000598,0.1,0.000528
Botswana,2023,0.001485,0.1,0.001415
Brazil,2023,0.000146,0.1,7.6e-05
Brunei Darussalam,2023,0.000879,0.1,0.000809
Bulgaria,2023,0.000373,0.1,0.000303
Cambodia,2023,0.00048,0.1,0.00041
Cameroon,2023,0.000365,0.1,0.000295
Canada,2023,0.000143,0.1,7.300000000000001e-05
Chile,2023,0.000405,0.1,0.000335
People's Rep. of China,2023,0.000638,0.1,0.000568
Colombia,2023,0.000183,0.1,0.00011300000000000001
Congo,2023,0.000545,0.1,0.00047500000000000005
Democratic Republic of the Congo,2023,1.9e-05,0.1,-5.099999999999999e-05
Costa Rica,2023,3.4e-05,0.1,-3.5999999999999994e-05
Côte d'Ivoire,2023,0.00041,0.1,0.00034
Croatia,2023,0.000152,0.1,8.200000000000001e-05
Cuba,2023,0.000565,0.1,0.000495
Curacao/Netherlands Antilles,2023,0.00059,0.1,0.0005200000000000001
Cyprus,2023,0.000541,0.1,0.00047100000000000006
Czech Republic,2023,0.000407,0.1,0.00033700000000000006
Denmark,2023,0.000204,0.1,0.000134
Dominican Republic,2023,0.000606,0.1,0.000536
Ecuador,2023,0.000228,0.1,0.00015800000000000002
Egypt,2023,0.000586,0.1,0.0005160000000000001
El Salvador,2023,0.000231,0.1,0.000161
Eritrea,2023,0.000872,0.1,0.0008020000000000001
Estonia,2023,0.000688,0.1,0.0006180000000000001
Ethiopia,2023,1.8e-05,0.1,-5.199999999999999e-05
Finland,2023,0.000156,0.1,8.6e-05
France,2023,5.3e-05,0.1,-1.6999999999999993e-05
Guadeloupe,2023,0.000812,0.1,0.000742
Saint Pierre et Miquelon,2023,0.000845,0.1,0.0007750000000000001
La Réunion,2023,0.000697,0.1,0.0006270000000000001
Nouvelle Calédonie,2023,0.000502,0.1,0.000432
Mayotte,2023,0.000698,0.1,0.0006280000000000001
Martinique,2023,0.000753,0.1,0.000683
Guyane,2023,0.000893,0.1,0.0008230000000000001
Macedonia,2023,0.000556,0.1,0.000486
Gabon,2023,0.000652,0.1,0.000582
Georgia,2023,0.000114,0.1,4.400000000000001e-05
Germany,2023,0.000349,0.1,0.00027900000000000006
Ghana,2023,0.000296,0.1,0.000226
Gibraltar,2023,0.000628,0.1,0.000558
Greece,2023,0.000471,0.1,0.000401
Greenland,2023,8.3e-05,0.1,1.3000000000000004e-05
Guatemala,2023,0.000423,0.1,0.000353
Haiti,2023,0.001231,0.1,0.0011610000000000001
Honduras,2023,0.000418,0.1,0.000348
"Hong Kong, China",2023,0.000764,0.1,0.0006940000000000001
Hungary,2023,0.000245,0.1,0.000175
Iceland,2023,2.5e-05,0.1,-4.4999999999999996e-05
India,2023,0.000837,0.1,0.000767
Indonesia,2023,0.00088,0.1,0.0008100000000000001
Iran,2023,0.000615,0.1,0.000545
Iraq,2023,0.001574,0.1,0.0015040000000000001
Ireland,2023,0.000311,0.1,0.00024100000000000003
Israel,2023,0.000437,0.1,0.00036700000000000003
Italy,2023,0.000298,0.1,0.00022799999999999999
Jamaica,2023,0.000699,0.1,0.000629
Japan,2023,0.000519,0.1,0.00044900000000000007
Jordan,2023,0.000528,0.1,0.0004580000000000001
Kazakhstan,2023,0.000691,0.1,0.000621
Kenya,2023,0.000217,0.1,0.000147
Korea,2023,0.00056,0.1,0.00049
DPR of Korea,2023,0.000227,0.1,0.000157
Kosovo,2023,0.000934,0.1,0.0008640000000000001
Kuwait,2023,0.000752,0.1,0.000682
Kyrgyzstan,2023,7.5e-05,0.1,4.9999999999999996e-06
Latvia,2023,0.000187,0.1,0.000117
Lebanon,2023,0.000822,0.1,0.0007520000000000001
Libya,2023,0.000772,0.1,0.000702
Lithuania,2023,0.000124,0.1,5.400000000000001e-05
Luxembourg,2023,0.000164,0.1,9.400000000000001e-05
Malaysia,2023,0.000759,0.1,0.000689
Malta,2023,0.000344,0.1,0.00027400000000000005
Mauritius,2023,0.00083,0.1,0.00076
Mexico,2023,0.000497,0.1,0.0004270000000000001
Republic of Moldova,2023,0.000468,0.1,0.000398
Mongolia,2023,0.001281,0.1,0.001211
Montenegro,2023,0.000348,0.1,0.00027800000000000004
Morocco,2023,0.0007,0.1,0.00063
Mozambique,2023,9.6e-05,0.1,2.600000000000001e-05
Myanmar,2023,0.000443,0.1,0.00037299999999999996
Namibia,2023,4.1e-05,0.1,-2.8999999999999993e-05
Nepal,2023,1.8e-05,0.1,-5.199999999999999e-05
Netherlands,2023,0.000373,0.1,0.000303
Nicaragua,2023,0.000389,0.1,0.00031900000000000006
Niger,2023,0.001026,0.1,0.000956
Nigeria,2023,0.000497,0.1,0.0004270000000000001
Norway,2023,2.6e-05,0.1,-4.4e-05
New Zealand,2023,0.000143,0.1,7.300000000000001e-05
Oman,2023,0.000538,0.1,0.000468
Pakistan,2023,0.000483,0.1,0.00041299999999999996
Panama,2023,0.000193,0.1,0.000123
Paraguay,2023,1.9e-05,0.1,-5.099999999999999e-05
Peru,2023,0.000231,0.1,0.000161
Philippines,2023,0.000815,0.1,0.000745
Poland,2023,0.000572,0.1,0.0005020000000000001
Portugal,2023,0.000279,0.1,0.000209
Qatar,2023,0.000541,0.1,0.00047100000000000006
Romania,2023,0.0003,0.1,0.00022999999999999998
Russian Federation,2023,0.000428,0.1,0.00035800000000000003
Saudi Arabia,2023,0.000605,0.1,0.000535
Senegal,2023,0.000889,0.1,0.0008190000000000001
Serbia,2023,0.000611,0.1,0.000541
Singapore,2023,0.000481,0.1,0.000411
Slovak Republic,2023,0.000155,0.1,8.5e-05
Slovenia,2023,0.000213,0.1,0.000143
South Africa,2023,0.000967,0.1,0.000897
Spain,2023,0.000243,0.1,0.000173
Sri Lanka,2023,0.000576,0.1,0.000506
Sudan,2023,0.000408,0.1,0.000338
Sudan,2023,0.000408,0.1,0.000338
Suriname,2023,0.000492,0.1,0.00042200000000000007
Sweden,2023,4.7e-05,0.1,-2.2999999999999997e-05
Switzerland,2023,4.8e-05,0.1,-2.1999999999999993e-05
Syrian Arab Republic,2023,0.000779,0.1,0.000709
Chinese Taipei,2023,0.000591,0.1,0.0005210000000000001
Tajikistan,2023,8.7e-05,0.1,1.7000000000000007e-05
United Rep. of Tanzania,2023,0.000395,0.1,0.000325
Thailand,2023,0.000597,0.1,0.000527
Togo,2023,0.000628,0.1,0.000558
Trinidad and Tobago,2023,0.000549,0.1,0.00047900000000000004
Tunisia,2023,0.000527,0.1,0.00045700000000000005
Turkey,2023,0.000426,0.1,0.000356
Turkmenistan,2023,0.001041,0.1,0.0009710000000000001
United Arab Emirates,2023,0.000594,0.1,0.000524
United Kingdom,2023,0.000252,0.1,0.000182
Ukraine,2023,0.000342,0.1,0.000272
Uruguay,2023,8.4e-05,0.1,1.4000000000000001e-05
United States,2023,0.000403,0.1,0.00033299999999999996
Uzbekistan,2023,0.000554,0.1,0.00048400000000000006
Venezuela,2023,0.000399,0.1,0.000329
Viet Nam,2023,0.000522,0.1,0.00045200000000000004
Yemen,2023,0.000873,0.1,0.000803
Zambia,2023,0.000187,0.1,0.000117
Zimbabwe,2023,0.000751,0.1,0.0006810000000000001
